timepoint,stationcode,longitude,latitude,area,positionname,primarypollutant,aqi,pm10,pm10_24h,pm2_5,pm2_5_24h,o3,o3_24h,o3_8h,o3_8h_24h,no2,no2_24h,so2,so2_24h,co,co_24h
2026-03-18T1100,1341A,113.002,28.1944,长沙市,火车新站,,18,NA,18,12,14,57,57,47,47,13,16,2,3,0.7,0.7
2026-03-18T1100,1342A,112.9846,28.1177,长沙市,天心区环保局,,19,15,21,11,18,58,58,48,48,21,24,5,5,0.7,0.8
2026-03-18T1100,1343A,112.8906,28.1307,长沙市,湖南中医药大学,,24,24,19,13,13,63,63,52,52,9,10,5,5,0.7,0.8
2026-03-18T1100,1727A,113.1146,36.1547,长治市,清华站,颗粒物(PM10),51,51,64,10,37,79,79,56,56,11,20,8,9,0.3,0.7
2026-03-18T1100,1730A,113.0887,36.2126,长治市,审计局,,45,45,62,3,43,76,76,56,56,8,19,9,11,0.4,0.7
2026-03-18T1100,1731A,113.0845,36.1856,长治市,长治八中,颗粒物(PM10),54,55,71,7,44,76,76,57,57,7,16,10,12,0.3,0.7
2026-03-18T1100,2845A,113.1561,36.1912,长治市,德盛苑,,47,47,66,3,44,85,85,58,58,10,18,12,12,0.4,0.7
2026-03-18T1100,3568A,113.0603,36.0464,长治市,向阳小学,NA,NA,77,81,3,36,NA,NA,48,48,10,25,9,11,0.3,0.7
2026-03-18T1100,3569A,112.8788,36.315,长治市,屯留一中,,43,43,69,3,34,82,82,61,61,11,25,6,6,0.2,0.6
2026-03-18T1100,4189A,113.113092,36.199482,长治市,英华南巷50号,颗粒物(PM10),68,74,70,8,43,81,81,56,56,11,21,9,12,0.5,0.7
2026-03-18T1100,4190A,113.23666,36.33435,长治市,学府街1号,,43,43,73,3,45,76,76,51,51,13,21,7,6,0.3,0.8
2026-03-18T1100,1854A,111.696,28.9725,常德市,市二中,,26,26,27,13,16,68,68,54,54,11,13,6,6,0.9,1
2026-03-18T1100,3138A,111.7152,29.0288,常德市,武陵区永安,,33,23,18,23,19,69,69,56,56,19,18,4,3,0.9,0.9
2026-03-18T1100,3139A,111.6891,28.9881,常德市,鼎城区玉霞,,22,18,22,14,18,69,69,53,53,16,18,7,6,0.8,0.9
2026-03-18T1100,3140A,111.6651,29.0526,常德市,武陵区长庚,,26,26,19,16,19,68,68,57,57,15,14,8,6,1.0,1
2026-03-18T1100,1196A,119.9524,31.7586,常州市,市监测站,,46,46,72,29,42,62,62,35,35,19,37,7,8,0.7,0.8
2026-03-18T1100,1200A,119.9351,31.703,常州市,武进监测站,,40,40,64,21,37,65,65,37,37,18,30,7,7,0.5,0.6
2026-03-18T1100,3002A,119.9701,31.813,常州市,行政中心,,48,48,60,25,37,56,56,33,33,29,41,5,5,0.5,0.5
2026-03-18T1100,3003A,120.0434,31.7726,常州市,经开区,,44,44,76,22,36,62,62,38,38,20,35,7,8,0.8,0.9
2026-03-18T1100,3010A,119.8919,31.7892,常州市,钟楼,,44,44,60,26,34,65,65,36,36,25,38,6,6,0.5,0.6
2026-03-18T1100,3429A,119.8595,31.706,常州市,武进经发区,,40,29,46,28,38,64,64,36,36,20,35,7,7,0.7,0.8
2026-03-18T1100,3430A,119.5812,31.7256,常州市,金坛城区,,43,NA,34,30,37,72,72,42,42,10,26,7,7,0.6,0.7
2026-03-18T1100,4089A,119.9551,31.863,常州市,崇义南街5-H号,,38,37,49,26,37,59,59,38,38,20,34,4,4,0.6,0.7
2026-03-18T1100,2220A,120.4318,41.588,朝阳市,西梁,,28,17,56,3,31,87,87,81,81,6,12,4,8,0.3,0.5
2026-03-18T1100,2221A,120.452,41.565,朝阳市,河畔小区,,29,24,50,3,27,90,90,86,86,10,14,7,9,0.3,0.5
2026-03-18T1100,2222A,120.4176,41.5648,朝阳市,八里堡,NA,NA,24,54,3,30,87,87,79,79,NA,16,5,8,0.4,0.5
2026-03-18T1100,3026A,116.6179,23.6608,潮州市,市政府,颗粒物(PM10),76,86,58,25,32,102,102,35,35,15,18,12,7,0.6,0.5
2026-03-18T1100,4036A,116.646,23.676,潮州市,金山,NA,NA,48,43,19,25,91,91,35,35,8,13,NA,4,0.6,0.5
2026-03-18T1100,2473A,113.0116,25.8228,郴州市,市职中,,34,34,52,20,31,13,13,16,14,17,17,2,4,0.8,0.7
2026-03-18T1100,2475A,113.0381,25.8074,郴州市,市审计局,,43,43,46,18,31,10,10,22,11,12,13,4,5,/,/
2026-03-18T1100,2476A,113.0348,25.7757,郴州市,市环保局,颗粒物(PM10),58,60,54,26,31,13,13,24,15,19,19,5,6,0.7,0.5
2026-03-18T1100,4252A,113.0138,25.8011,郴州市,好美居路49号,NA,NA,16,38,NA,36,18,18,28,18,17,18,4,5,/,/
2026-03-18T1100,1431A,103.9727,30.7242,成都市,金泉两河,NA,NA,42,20,15,13,NA,NA,32,32,NA,18,NA,2,0.3,0.4
2026-03-18T1100,1432A,104.1423,30.6765,成都市,十里店,,45,45,22,16,14,46,46,37,37,28,18,4,4,0.5,0.5
2026-03-18T1100,1433A,104.0594,30.5765,成都市,三瓦窑,,44,44,27,22,19,40,40,28,28,31,24,2,2,0.7,0.7
2026-03-18T1100,3474A,114.2616,35.6824,鹤壁市,大新区,颗粒物(PM10),81,93,80,36,79,61,61,43,43,13,25,4,5,0.5,0.9
2026-03-18T1100,3596A,114.1573,35.9607,鹤壁市,南山宾馆,颗粒物(PM10),66,72,104,12,71,71,71,59,59,5,14,6,8,0.2,0.5
2026-03-18T1100,2244A,130.2537,47.3416,鹤岗市,哈啤分公司,细颗粒物(PM2.5),66,45,26,43,17,46,46,65,56,20,14,14,13,0.5,0.4
2026-03-18T1100,2245A,130.2683,47.3087,鹤岗市,斯达机电,颗粒物(PM10),58,61,35,38,17,41,41,66,57,31,13,20,12,0.6,0.5
2026-03-18T1100,2246A,130.3114,47.3388,鹤岗市,东山纸板厂,NA,NA,109,55,43,20,NA,NA,56,56,23,17,13,10,0.8,0.7
2026-03-18T1100,2263A,127.4832,50.2524,黑河市,交通局,,26,26,39,8,21,80,80,84,81,8,25,6,11,0.0,0.2
2026-03-18T1100,2264A,127.5146,50.2339,黑河市,环保局,,27,24,32,11,21,84,84,80,77,10,23,4,10,0.3,0.4
2026-03-18T1100,1074A,115.6839,37.754,衡水市,电机北厂,,33,33,94,10,73,80,80,62,62,7,18,3,4,0.4,0.6
2026-03-18T1100,1075A,115.6303,37.7318,衡水市,市监测站,NA,NA,29,91,3,72,78,78,57,57,6,16,5,8,NA,0.6
2026-03-18T1100,3188A,115.6684,37.7216,衡水市,市城管局,,39,39,93,3,70,75,75,61,61,9,17,2,4,0.3,0.6
2026-03-18T1100,3459A,115.599,37.5491,衡水市,地表水厂,,46,46,89,3,78,82,82,66,66,6,17,5,7,0.3,0.5
2026-03-18T1100,2457A,112.6209,26.9268,衡阳市,衡阳化工总厂,,16,6,31,3,21,50,50,28,28,9,11,4,5,1.0,1.1
2026-03-18T1100,2458A,112.621,26.8957,衡阳市,珠晖区环保局,,16,6,30,3,19,49,49,29,29,8,16,5,5,1.0,1.2
2026-03-18T1100,2459A,112.628,26.8654,衡阳市,市委党校,,15,6,31,3,20,45,45,30,30,9,13,5,6,1.0,1.2
2026-03-18T1100,2460A,112.6007,26.8977,衡阳市,市监测站,,16,10,34,3,21,51,51,33,33,5,11,6,7,0.7,0.9
2026-03-18T1100,2461A,112.5658,26.9013,衡阳市,真空机电公司,,16,8,32,3,25,49,49,35,35,11,17,6,7,1.0,1.2
2026-03-18T1100,3399A,112.6703,26.8817,衡阳市,师范学院,,15,6,31,6,22,47,47,33,33,7,10,4,4,1.0,1.2
2026-03-18T1100,3038A,103.3757,23.3679,红河哈尼族彝族自治州,州图书馆,细颗粒物(PM2.5),96,68,42,58,35,64,64,47,42,18,10,46,16,0.5,0.4
2026-03-18T1100,4154A,103.401,23.3561,红河哈尼族彝族自治州,蒙自市朝阳路,NA,NA,60,34,42,28,NA,NA,56,46,21,10,27,13,0.5,0.3
2026-03-18T1100,1090A,111.6506,40.7517,呼和浩特市,呼市一监,,41,41,101,21,27,90,90,83,78,10,9,8,7,0.4,0.3
2026-03-18T1100,1094A,111.7516,40.8369,呼和浩特市,如意水处理厂,,41,41,57,10,23,82,82,78,74,11,10,9,8,0.2,0.2
2026-03-18T1100,1095A,111.727798,40.806187,呼和浩特市,二十九中,,29,29,99,8,23,76,76,75,70,12,10,9,8,0.4,0.3
2026-03-18T1100,1097A,111.717,40.7617,呼和浩特市,化肥厂生活区,NA,NA,NA,87,NA,27,82,82,71,67,NA,12,6,6,NA,0.3
2026-03-18T1100,3699A,111.6519,40.8389,呼和浩特市,海东办,,39,39,104,17,22,78,78,77,75,12,8,9,5,0.3,0.2
2026-03-18T1100,4275A,111.591512,40.827312,呼和浩特市,成吉思汗西街8号,颗粒物(PM10),51,51,128,24,22,78,78,71,69,11,10,10,5,0.4,0.3
2026-03-18T1100,4276A,111.6597,40.8077,呼和浩特市,公园东路75号,,41,41,114,19,20,76,76,78,76,14,11,11,8,0.4,0.4
2026-03-18T1100,4277A,111.5427,40.7846,呼和浩特市,金海路35号,NA,NA,53,105,13,26,69,69,69,64,NA,11,NA,8,0.4,0.4
2026-03-18T1100,3061A,119.7511,49.1576,呼伦贝尔市,国华电力东,,30,30,33,10,13,81,81,80,79,7,7,6,6,0.2,0.2
2026-03-18T1100,4279A,119.7569,49.2222,呼伦贝尔市,伊敏大街东7号,,25,25,30,13,12,79,79,83,81,12,10,8,6,0.4,0.3
2026-03-18T1100,1250A,120.075,30.867,湖州市,城西水厂,,32,27,48,22,36,28,28,28,28,30,31,5,5,1.0,0.6
2026-03-18T1100,2873A,120.083,30.8929,湖州市,仁皇山新区,,25,22,47,17,36,29,29,22,22,27,35,6,5,1.1,0.8
2026-03-18T1100,2907A,120.1846,30.8592,湖州市,吴兴区站,,35,35,63,20,37,29,29,29,28,31,27,5,5,0.9,0.6
2026-03-18T1100,3562A,120.4146,30.8538,湖州市,南浔区站,,43,42,65,30,42,36,36,32,28,21,27,8,8,1.0,0.8
2026-03-18T1100,1607A,120.904878,40.721091,葫芦岛市,龙港区,NA,NA,30,68,22,69,NA,NA,68,68,18,19,21,10,0.6,0.7
2026-03-18T1100,2568A,102.2503,31.8896,阿坝藏族羌族自治州,马师校,,22,NA,20,12,8,68,68,67,65,9,6,5,5,0.4,0.3
2026-03-18T1100,3994A,102.2174,31.9016,阿坝藏族羌族自治州,马尔康中学西区,,33,33,21,12,8,69,69,66,66,8,6,2,2,0.5,0.4
2026-03-18T1100,2695A,80.2899,41.1684,阿克苏地区,电视台,颗粒物(PM10),162,274,350,84,126,46,46,60,58,19,13,2,2,0.7,0.6
2026-03-18T1100,2696A,80.2592,41.1541,阿克苏地区,艺术中心,颗粒物(PM10),148,244,330,76,114,50,50,61,58,15,17,4,4,0.9,0.7
2026-03-18T1100,2205A,105.699,38.8409,阿拉善盟,蒙二幼,颗粒物(PM10),103,126,131,15,22,77,77,83,75,4,5,8,8,0.5,0.5
2026-03-18T1100,2206A,105.7198,38.8508,阿拉善盟,环保局新楼,颗粒物(PM10),93,109,118,20,27,74,74,83,74,7,4,8,7,0.5,0.5
2026-03-18T1100,2708A,88.1266,47.8515,阿勒泰地区,市站,,28,10,10,3,2,88,88,90,90,5,8,4,6,0.1,0.1
2026-03-18T1100,4166A,88.1198,47.7931,阿勒泰地区,阿勒泰路33号,,27,18,13,3,2,84,84,88,87,9,8,5,6,0.4,0.3
2026-03-18T1100,2630A,80.1171,32.4999,阿里地区,阿里监测站,,33,33,15,3,3,74,74,84,80,18,3,9,8,0.5,0.3
2026-03-18T1100,3192A,80.0906,32.5029,阿里地区,阿里藏医院,,24,21,14,7,4,75,75,90,82,14,3,12,9,0.5,0.4
2026-03-18T1100,2644A,109.0088,32.6974,安康市,汉滨区检察院,NA,NA,28,13,18,9,NA,NA,12,9,19,18,5,4,0.8,0.7
2026-03-18T1100,4054A,109.0324,32.6913,安康市,市邮政管理局,,31,31,17,18,11,32,32,16,16,17,19,6,5,0.8,0.8
2026-03-18T1100,2291A,117.0806,30.5181,安庆市,环科院,,25,19,14,17,12,35,35,22,22,10,23,6,7,0.7,0.8
2026-03-18T1100,2292A,117.0331,30.5118,安庆市,马山宾馆,,19,19,14,13,11,39,39,23,23,16,26,4,5,0.8,0.9
2026-03-18T1100,2294A,116.9897,30.6146,安庆市,安庆大学,,19,19,13,13,8,48,48,28,28,7,18,2,3,0.6,0.8
2026-03-18T1100,3173A,117.0598,30.5351,安庆市,市人大,,25,25,20,13,10,36,36,21,21,19,27,5,6,0.7,0.8
2026-03-18T1100,3123A,105.9408,26.2431,安顺市,凤凰山,,20,NA,20,10,19,62,62,54,54,10,8,12,10,0.6,0.5
2026-03-18T1100,3124A,105.9443,26.2567,安顺市,金钟山,,19,11,22,9,19,58,58,50,50,7,6,11,10,0.7,0.7
2026-03-18T1100,3125A,105.8983,26.248,安顺市,娄家坡,,19,13,21,12,20,60,60,50,50,9,8,16,10,0.7,0.7
2026-03-18T1100,1819A,114.3552,36.1017,安阳市,红庙街,颗粒物(PM10),65,70,66,10,65,68,68,48,48,6,17,1,2,0.2,0.6
2026-03-18T1100,1820A,114.361,36.0681,安阳市,银杏小区,颗粒物(PM10),68,75,70,17,69,71,71,49,49,8,17,1,2,0.0,0.5
2026-03-18T1100,3141A,114.3921,36.0879,安阳市,信访局,NA,NA,68,72,16,74,69,69,51,51,NA,8,2,2,NA,0.6
2026-03-18T1100,3669A,114.4706,36.0634,安阳市,左辅环卫站,颗粒物(PM10),90,106,103,7,60,71,71,48,48,3,13,2,2,0.2,0.5
2026-03-18T1100,4117A,114.2918,36.0769,安阳市,钢三路198号,,23,23,82,3,66,69,69,42,42,6,18,2,2,0.2,0.5
2026-03-18T1100,1748A,123.0441,41.1201,鞍山市,深沟寺,,25,10,89,3,56,80,80,70,70,9,22,8,12,0.5,0.9
2026-03-18T1100,1749A,123.011,41.0931,鞍山市,太阳城,NA,NA,9,83,6,62,82,82,72,71,NA,24,NA,15,0.5,1.1
2026-03-18T1100,1750A,123.0483,41.1445,鞍山市,太平,,26,15,88,6,56,83,83,73,73,10,21,10,14,0.6,0.9
2026-03-18T1100,1751A,122.964,41.0968,鞍山市,铁西三道街,,25,19,100,6,64,78,78,62,62,12,31,7,18,0.5,1.1
2026-03-18T1100,1753A,123.0219,41.0822,鞍山市,明达新区,,25,11,83,6,57,80,80,73,72,11,20,8,14,0.5,0.9
2026-03-18T1100,4201A,122.944647,41.082639,鞍山市,兴盛南路290号,,25,11,104,7,72,78,78,63,63,14,30,10,13,0.7,1.2
2026-03-18T1100,2195A,107.4206,40.7609,巴彦淖尔市,附二中,,32,32,112,3,25,79,79,53,53,5,7,8,8,0.2,0.4
2026-03-18T1100,2196A,107.37,40.7372,巴彦淖尔市,市环保大楼,NA,NA,NA,141,NA,19,NA,NA,62,59,4,7,6,5,0.3,0.3
2026-03-18T1100,1956A,86.1476,41.7529,巴音郭楞蒙古自治州,孔雀公园,颗粒物(PM10),123,178,160,44,38,19,19,50,33,59,21,10,9,0.9,0.5
2026-03-18T1100,1957A,86.1971,41.7166,巴音郭楞蒙古自治州,棉纺厂,颗粒物(PM10),144,232,186,44,42,27,27,36,24,46,19,/,/,/,/
2026-03-18T1100,1958A,86.236,41.7172,巴音郭楞蒙古自治州,经济开发区,颗粒物(PM10),115,159,155,53,39,41,41,38,33,28,17,7,6,0.6,0.5
2026-03-18T1100,3181A,106.776805,31.852614,巴中市,市五中,NA,NA,22,17,10,9,79,79,64,64,7,14,NA,8,NA,0.8
2026-03-18T1100,3183A,106.7419,31.8654,巴中市,圣泉水务公司,,25,22,14,11,8,80,80,55,55,8,17,9,9,0.6,0.9
2026-03-18T1100,3616A,106.7617,31.8343,巴中市,市中心医院,,25,23,17,10,10,79,79,47,47,6,17,10,9,0.5,0.8
2026-03-18T1100,2235A,122.7909,45.608,白城市,洮北区环保局,颗粒物(PM10),156,261,215,56,79,79,79,76,75,NA,14,3,5,0.3,0.2
2026-03-18T1100,2236A,122.8741,45.5725,白城市,市环保局,颗粒物(PM10),183,315,172,122,66,81,81,76,76,15,13,9,6,0.5,0.4
2026-03-18T1100,2231A,126.4219,41.9172,白山市,喜丰,颗粒物(PM10),55,56,98,8,36,66,66,38,38,7,37,8,12,0.8,1.1
2026-03-18T1100,2232A,126.4082,41.9416,白山市,环保局,,34,34,65,9,32,67,67,56,56,9,16,7,11,0.9,1.1
2026-03-18T1100,2647A,104.1727,36.5448,白银市,第三小学,颗粒物(PM10),101,122,120,31,35,74,74,74,70,76,11,6,27,0.5,0.5
2026-03-18T1100,2648A,104.1467,36.5482,白银市,动力公司,颗粒物(PM10),103,126,109,35,30,70,70,65,54,25,10,13,11,0.5,0.4
2026-03-18T1100,2512A,106.6102,23.901,百色市,市监测站,颗粒物(PM10),54,55,41,32,26,60,60,30,30,18,16,14,14,0.6,0.5
2026-03-18T1100,2513A,106.6524,23.8842,百色市,市中心血站,细颗粒物(PM2.5),82,73,50,51,30,55,55,27,25,27,22,20,15,0.8,0.6
2026-03-18T1100,4133A,106.6273,23.8798,百色市,龙景西路,细颗粒物(PM2.5),80,53,56,50,30,53,53,25,23,20,16,21,16,0.7,0.6
2026-03-18T1100,2270A,117.396,32.9389,蚌埠市,工人疗养院,细颗粒物(PM2.5),106,74,70,66,58,58,58,58,54,19,19,3,3,0.7,0.7
2026-03-18T1100,2271A,117.3606,32.9428,蚌埠市,百货大楼,细颗粒物(PM2.5),105,68,63,65,58,56,56,60,55,19,16,4,4,0.4,0.4
2026-03-18T1100,2273A,117.4183,32.8909,蚌埠市,蚌埠学院,细颗粒物(PM2.5),103,NA,49,63,62,NA,NA,61,59,14,20,NA,4,0.6,0.6
2026-03-18T1100,2274A,117.3534,32.9672,蚌埠市,淮上区政府,细颗粒物(PM2.5),105,NA,58,65,57,62,62,59,57,14,18,4,4,0.6,0.6
2026-03-18T1100,2275A,117.3143,32.8977,蚌埠市,高新区,细颗粒物(PM2.5),102,NA,56,62,53,57,57,56,54,23,23,6,6,0.4,0.5
2026-03-18T1100,3715A,117.3091,32.9314,蚌埠市,蚌埠田家炳中学,细颗粒物(PM2.5),109,70,65,69,56,59,59,57,55,17,17,4,4,0.4,0.4
2026-03-18T1100,1585A,109.8761,40.6533,包头市,市环境监测站,,44,44,144,16,26,86,86,80,76,20,12,16,10,1.0,0.5
2026-03-18T1100,1587A,109.9992,40.5843,包头市,包头八中,,40,40,127,24,38,86,86,66,65,20,11,18,10,1.2,0.5
2026-03-18T1100,1589A,109.8641,40.6288,包头市,惠龙物流,NA,NA,50,109,18,28,NA,NA,76,71,NA,10,16,10,1.2,0.5
2026-03-18T1100,1590A,110.0376,40.5546,包头市,东河鸿龙湾,细颗粒物(PM2.5),72,NA,105,46,26,91,91,64,63,24,16,26,10,1.0,0.5
2026-03-18T1100,3283A,109.9154,40.5684,包头市,滨河大厦,,35,35,102,16,21,85,85,72,71,12,11,17,11,0.8,0.6
2026-03-18T1100,3419A,109.9449,40.6259,包头市,包头市委党校,NA,NA,31,121,3,27,81,81,70,68,NA,11,NA,11,1.4,0.8
2026-03-18T1100,3683A,109.8332,40.6577,包头市,昆区政府,NA,NA,28,114,17,23,79,79,76,71,29,15,18,13,NA,0.6
2026-03-18T1100,1931A,107.0802,34.3129,宝鸡市,竹园沟,颗粒物(PM10),106,134,48,27,15,64,64,45,45,20,12,6,6,0.1,0.2
2026-03-18T1100,1933A,107.1429,34.3549,宝鸡市,监测站,颗粒物(PM10),91,107,50,30,19,50,50,27,27,13,18,6,5,0.2,0.2
2026-03-18T1100,1934A,107.1172,34.3759,宝鸡市,技工学校,颗粒物(PM10),98,117,49,26,21,54,54,30,30,10,15,5,4,0.3,0.5
2026-03-18T1100,1936A,107.2025,34.3518,宝鸡市,文理学院,颗粒物(PM10),94,111,51,30,22,45,45,25,25,15,20,5,4,0.4,0.5
2026-03-18T1100,1937A,107.2396,34.3626,宝鸡市,三迪小学,颗粒物(PM10),95,112,53,30,23,50,50,23,23,18,27,6,4,0.5,0.6
2026-03-18T1100,4155A,107.1721,34.3558,宝鸡市,滨河北路,颗粒物(PM10),92,108,43,31,21,55,55,29,29,13,17,6,6,0.4,0.5
2026-03-18T1100,4308A,107.3898,34.3601,宝鸡市,陈仓区北开路21号,颗粒物(PM10),105,133,58,32,27,48,48,29,29,21,23,15,12,0.4,0.5
2026-03-18T1100,1051A,115.4803,38.8568,保定市,游泳馆,,28,20,105,3,93,89,89,81,81,11,21,3,9,0.6,0.6
2026-03-18T1100,1052A,115.509,38.8895,保定市,华电二区,,29,20,100,3,84,90,90,80,80,5,14,3,4,0.2,0.6
2026-03-18T1100,1053A,115.4588,38.9037,保定市,接待中心,,27,24,101,3,81,86,86,78,78,8,18,1,4,0,0.4
2026-03-18T1100,1054A,115.4484,38.8344,保定市,地表水厂,,28,20,122,3,80,89,89,80,80,10,20,3,7,0.1,0.5
2026-03-18T1100,3581A,115.3136,38.9511,保定市,满城区生态环境分局,NA,NA,27,136,3,83,94,94,83,83,NA,20,3,8,0.3,0.6
2026-03-18T1100,3582A,115.4709,38.7628,保定市,清苑区第二中学,NA,NA,33,123,3,84,83,83,77,77,NA,24,NA,7,0.2,0.5
2026-03-18T1100,3583A,115.6231,39.0223,保定市,徐水物探局,,30,21,138,6,98,93,93,82,82,4,22,1,4,0.5,0.7
2026-03-18T1100,4004A,115.4199,38.8665,保定市,双鹰农机,NA,NA,NA,136,1,88,91,91,82,82,11,20,2,5,0.2,0.6
2026-03-18T1100,4034A,115.515,38.8589,保定市,植保所站,,27,27,118,3,85,84,84,77,77,4,19,3,5,0.4,0.6
2026-03-18T1100,2594A,99.1589,25.1137,保山市,市环境监测站,,43,31,23,30,16,53,53,38,36,15,8,12,12,0.2,0.2
2026-03-18T1100,2595A,99.1616,25.1381,保山市,市环保局,,49,NA,24,34,18,50,50,44,40,15,6,5,5,0.6,0.5
2026-03-18T1100,1867A,109.1435,21.4085,北海市,海滩公园,,35,35,35,13,14,81,81,73,73,6,7,9,8,0.6,0.6
2026-03-18T1100,1868A,109.0983,21.466,北海市,新市环保局,,24,22,28,3,11,74,74,67,67,6,8,7,7,0.5,0.5
2026-03-18T1100,1869A,109.1775,21.5232,北海市,北海工业园,NA,NA,42,31,NA,10,75,75,67,67,3,4,7,6,0.4,0.5
2026-03-18T1100,3400A,109.1844,21.4396,北海市,龙潭自来水厂,,24,22,27,11,11,76,76,68,68,5,6,12,7,0.7,0.6
2026-03-18T1100,1001A,116.3611,39.8786,北京市,万寿西宫,,28,10,100,3,74,89,89,86,86,10,27,2,3,0.3,0.6
2026-03-18T1100,1003A,116.4174,39.9289,北京市,东四,,29,9,102,3,74,90,90,86,86,5,25,4,6,0.2,0.6
2026-03-18T1100,1004A,116.4073,39.8858,北京市,天坛,,26,10,97,3,71,83,83,79,79,9,26,2,3,0.7,1
2026-03-18T1100,1005A,116.4622,39.9364,北京市,农展馆,,27,7,100,3,74,85,85,82,82,7,20,4,5,0.1,0.6
2026-03-18T1100,1006A,116.3399,39.9293,北京市,官园,,25,9,97,3,73,80,80,74,74,9,31,2,3,0.2,0.6
2026-03-18T1100,1007A,116.2879,39.9613,北京市,海淀万柳,,21,8,94,3,71,67,67,60,60,12,32,2,4,0.2,0.6
2026-03-18T1100,1008A,116.6635,40.1349,北京市,顺义新城,,30,6,103,3,76,95,95,86,86,8,20,3,6,0.2,0.5
2026-03-18T1100,1009A,116.6275,40.327,北京市,怀柔镇,,26,6,85,3,70,83,83,78,78,6,19,4,6,0.3,0.8
2026-03-18T1100,1010A,116.2295,40.217,北京市,昌平镇,,26,9,87,3,66,83,83,82,81,14,26,2,3,0.6,0.9
2026-03-18T1100,1011A,116.3968,39.982,北京市,奥体中心,,25,9,98,3,71,77,77,74,74,6,28,4,5,0.3,0.7
2026-03-18T1100,3418A,116.8336,40.4095,北京市,密云新城,,26,6,92,3,65,83,83,80,80,7,16,2,4,0.3,0.7
2026-03-18T1100,3671A,116.0879,39.9725,北京市,门头沟三家店,,27,7,100,3,70,86,86,80,80,3,24,3,5,0.3,0.6
2026-03-18T1100,3672A,116.1507,39.8246,北京市,丰台云岗,,29,8,104,3,75,91,91,84,84,7,25,2,4,0.2,0.6
2026-03-18T1100,3674A,115.9578,39.7602,北京市,房山燕山,,25,6,96,3,70,79,79,77,77,13,22,3,4,0.2,0.5
2026-03-18T1100,3675A,116.4669,39.7734,北京市,大兴旧宫,,19,9,101,3,74,60,60,80,78,4,24,3,4,0.4,0.7
2026-03-18T1100,3694A,115.9859,40.4562,北京市,延庆石河营,,26,12,67,3,51,83,83,84,84,11,16,2,3,0.3,0.5
2026-03-18T1100,3695A,116.6151,40.3052,北京市,怀柔新城,,27,6,86,3,67,85,85,82,82,6,17,2,4,0.3,0.7
2026-03-18T1100,3696A,116.2542,39.8764,北京市,丰台小屯,,22,8,102,3,72,69,69,70,70,6,30,4,4,0.2,0.5
2026-03-18T1100,3697A,116.8399,40.3843,北京市,密云镇,,27,6,87,3,67,85,85,80,80,8,21,3,5,0.2,0.6
2026-03-18T1100,4057A,115.9423,40.4431,北京市,延庆百泉,,25,12,64,3,44,77,77,78,78,11,17,1,2,0.6,0.5
2026-03-18T1100,4058A,116.6598,39.9164,北京市,通州新华,,25,7,110,3,77,80,80,75,75,6,27,1,3,0.4,0.7
2026-03-18T1100,4182A,116.1942,39.9158,北京市,石景山八角,,23,11,99,3,68,73,73,73,73,10,25,4,6,0.1,0.5
2026-03-18T1100,4194A,117.078628,40.151726,北京市,平谷新城,,26,6,88,3,66,83,83,80,80,8,19,3,3,0.3,0.7
2026-03-18T1100,1761A,123.8274146,41.31234549,本溪市,大峪,,27,17,66,6,37,84,84,79,72,8,15,9,11,0.4,0.6
2026-03-18T1100,1763A,123.7169,41.3094,本溪市,彩屯,,32,32,80,3,46,90,90,88,79,5,20,8,15,0.3,1.3
2026-03-18T1100,1764A,123.7672166,41.28649327,本溪市,东明,,38,38,70,6,40,85,85,85,73,9,18,7,10,0.5,0.6
2026-03-18T1100,1765A,123.799345,41.266614,本溪市,新立屯,,27,12,70,6,41,85,85,86,74,5,13,7,9,0.7,0.8
2026-03-18T1100,1766A,123.829144,41.336777,本溪市,威宁,,29,19,79,8,39,92,92,75,74,6,15,6,8,0.5,0.7
2026-03-18T1100,2587A,105.287,27.3133,毕节市,八中,,15,NA,10,8,9,45,45,51,49,9,7,10,9,0.7,0.6
2026-03-18T1100,2588A,105.3079,27.2987,毕节市,师专,NA,NA,7,12,6,9,NA,NA,48,46,9,8,9,8,0.6,0.5
2026-03-18T1100,4263A,105.3688,27.3598,毕节市,工业大道,,16,6,11,3,7,50,50,60,55,7,7,10,10,/,/
2026-03-18T1100,1629A,117.9961,37.3604,滨州市,第二水厂,,27,27,94,9,66,66,66,65,65,8,24,8,15,0.3,0.6
2026-03-18T1100,1630A,117.9789,37.3931,滨州市,北中新校,,29,29,97,3,70,70,70,65,65,10,28,10,16,0,0.3
2026-03-18T1100,3514A,117.9379,37.3959,滨州市,中海酒店,NA,NA,NA,106,NA,78,NA,NA,66,66,13,30,NA,12,0.3,0.8
2026-03-18T1100,3515A,117.9381509,37.35547456,滨州市,开发区一中,,24,24,104,3,73,65,65,62,62,1,19,11,19,0.4,0.8
2026-03-18T1100,3516A,118.0914,37.6938,滨州市,金海六路,,24,17,90,3,74,76,76,64,64,7,26,4,11,0.4,0.8
2026-03-18T1100,4028A,117.9955,37.3752,滨州市,滨州市西街道办事处,,29,29,96,7,80,68,68,68,68,6,18,8,14,0.3,0.7
2026-03-18T1100,2311A,115.8071,33.8399,亳州市,污水处理厂,细颗粒物(PM2.5),112,98,68,73,52,NA,NA,59,56,19,17,4,4,0.3,0.2
2026-03-18T1100,2312A,115.7789,33.8519,亳州市,三国揽胜宫,细颗粒物(PM2.5),118,94,62,79,56,53,53,51,51,16,14,4,4,0.4,0.3
2026-03-18T1100,3332A,115.7631,33.803,亳州市,亳州学院,细颗粒物(PM2.5),110,102,72,71,53,60,60,53,53,14,15,4,4,0.3,0.2
2026-03-18T1100,2693A,82.0482,44.8553,博尔塔拉蒙古自治州,市党校,颗粒物(PM10),65,71,72,30,25,48,48,60,55,13,8,5,4,0.7,0.6
2026-03-18T1100,2694A,82.0805,44.8966,博尔塔拉蒙古自治州,市环保局,颗粒物(PM10),58,60,61,28,35,41,41,42,38,27,22,3,3,0.6,0.6
2026-03-18T1100,1071A,116.8733,38.2922,沧州市,沧县城建局,,27,27,100,8,78,60,60,60,58,14,22,2,3,0.5,0.7
2026-03-18T1100,1072A,116.8462,38.3189,沧州市,电视转播站,,31,31,98,7,92,65,65,65,63,14,21,2,2,0.4,0.5
2026-03-18T1100,1073A,116.8588,38.3161,沧州市,市环保局,NA,NA,30,104,13,80,63,63,65,62,10,19,7,8,NA,0.3
2026-03-18T1100,3324A,116.8011,38.294,沧州市,河北水利电力学院,,27,27,104,3,94,69,69,65,65,10,21,6,8,0.2,0.5
2026-03-18T1100,2622A,97.1813,31.1289,昌都市,昌都监测站,,27,13,9,3,4,86,86,80,74,9,5,2,2,0.5,0.5
2026-03-18T1100,3719A,97.1707,31.1428,昌都市,昌都会议中心,,28,13,9,9,7,87,87,82,76,5,4,6,5,0.4,0.3
2026-03-18T1100,2692A,87.2722,44.0298,昌吉回族自治州,新区政务中心,,36,36,40,19,31,65,65,74,67,26,19,7,6,0.6,0.5
2026-03-18T1100,3613A,87.3069,44.0093,昌吉回族自治州,亚心广场,,48,48,55,25,32,70,70,72,63,24,19,12,10,0.5,0.6
2026-03-18T1100,4164A,87.2057,43.9289,昌吉回族自治州,财政所,,32,32,56,12,27,58,58,64,55,13,11,7,7,0.4,0.5
2026-03-18T1100,1120A,125.2874,43.9024,长春市,客车厂,,36,36,155,19,70,78,78,62,62,12,24,6,9,0.5,0.8
2026-03-18T1100,1121A,125.2943,43.8508,长春市,邮电学院,NA,NA,48,151,23,69,80,80,67,67,NA,22,NA,10,NA,0.7
2026-03-18T1100,1122A,125.3648,43.8745,长春市,劳动公园,,29,23,144,20,65,81,81,69,69,12,20,7,10,0.2,0.5
2026-03-18T1100,1123A,125.3233,43.8781,长春市,园林处,,34,34,142,20,67,77,77,64,64,10,18,6,9,0.4,0.6
2026-03-18T1100,1124A,125.4604,43.7904,长春市,净月潭,,30,21,145,21,68,79,79,70,70,12,17,6,8,0.3,0.5
2026-03-18T1100,1126A,125.38,43.8422,长春市,经开区环卫处,,33,28,147,23,69,79,79,62,62,12,21,6,9,0.3,0.6
2026-03-18T1100,1127A,125.234,43.7761,长春市,高新区管委会,,32,32,137,18,60,81,81,70,70,8,21,7,9,0.3,0.7
2026-03-18T1100,1128A,125.1695,43.83,长春市,岱山公园,,34,34,162,16,78,77,77,64,64,11,22,4,7,0.1,0.5
2026-03-18T1100,4281A,125.334645,43.916281,长春市,北亚泰大街1068号,,30,26,160,21,78,70,70,59,59,13,23,7,9,0.2,0.5
2026-03-18T1100,1335A,113.082,28.2421,长沙市,经开区环保局,NA,NA,22,19,9,11,NA,NA,37,37,18,18,3,3,0.5,0.6
2026-03-18T1100,1336A,112.8873,28.2202,长沙市,高开区环保局,,19,NA,16,12,12,58,58,47,47,14,15,4,4,0.8,0.8
2026-03-18T1100,1337A,113.0785,28.2012,长沙市,马坡岭,,16,13,19,11,14,47,47,40,40,17,18,4,4,0.8,0.9
2026-03-18T1100,1338A,112.9448,28.1894,长沙市,湖南师范大学,,21,12,18,12,13,66,66,53,53,12,16,4,4,0.9,0.9
2026-03-18T1100,1339A,113.0177,28.1322,长沙市,雨花区环保局,,18,10,20,10,14,57,57,46,46,9,13,3,3,0.8,0.9
2026-03-18T1100,1340A,112.9795,28.2593,长沙市,伍家岭,,23,NA,19,16,14,55,55,45,45,14,14,3,3,0.7,0.7
2026-03-18T1100,1434A,104.1122,30.6306,成都市,沙河铺,,30,30,27,17,15,53,53,33,33,31,28,4,4,0.3,0.5
2026-03-18T1100,2880A,104.0219,30.6561,成都市,大石西路,,34,34,29,19,17,46,46,32,32,21,24,2,2,0.6,0.6
2026-03-18T1100,3136A,104.2724,30.559,成都市,龙泉驿区区政府,,48,48,22,18,14,52,52,38,37,31,19,7,6,0.5,0.6
2026-03-18T1100,3357A,104.0028,30.6891,成都市,金博路,,25,20,15,17,15,40,40,25,25,23,25,6,6,0.5,0.8
2026-03-18T1100,3359A,104.056,30.5228,成都市,华阳,颗粒物(PM10),53,53,27,17,17,40,40,34,34,48,27,3,2,0.7,0.7
2026-03-18T1100,3488A,104.387954,30.746684,成都市,青石路225号,颗粒物(PM10),53,53,23,21,10,56,56,52,51,27,19,6,6,0.4,0.4
2026-03-18T1100,3489A,104.0788,30.4054,成都市,科学城,,20,20,24,11,18,52,52,33,33,21,21,6,6,0.6,0.8
2026-03-18T1100,4011A,103.8505,30.6946,成都市,光华大道三段,,25,NA,23,17,12,43,43,37,37,23,22,3,3,0.3,0.4
2026-03-18T1100,4144A,104.3257,30.6406,成都市,八角井街185号,,39,39,29,17,10,37,37,24,22,27,18,4,3,0.6,0.6
2026-03-18T1100,4224A,104.2433276,30.53529463,成都市,鲸龙路1057号,,37,37,26,20,17,32,32,24,23,33,21,6,5,0.5,0.5
2026-03-18T1100,1062A,117.9531,40.908,承德市,铁路,,27,15,58,6,33,86,86,86,86,4,18,1,4,0.2,0.4
2026-03-18T1100,1063A,117.9397,40.9763,承德市,中国银行,,27,24,58,3,34,86,86,84,84,4,13,2,3,0.2,0.4
2026-03-18T1100,4073A,117.9462,40.95,承德市,杏林街1号,,27,14,55,3,40,86,86,86,86,4,11,3,5,0.1,0.4
2026-03-18T1100,4274A,117.7994,40.9605,承德市,滨河大街98号,,28,6,47,3,34,89,89,85,85,4,13,6,6,0.2,0.4
2026-03-18T1100,2314A,117.4698,30.6617,池州市,池州学院,,22,16,13,15,11,42,42,30,30,19,31,3,3,0.4,0.5
2026-03-18T1100,3237A,117.4918,30.6617,池州市,展览馆,,28,NA,13,19,11,43,43,30,30,20,30,2,2,0.7,0.8
2026-03-18T1100,3333A,117.5626,30.695,池州市,第八中学,,22,20,14,15,11,33,33,23,23,25,32,2,3,0.7,0.8
2026-03-18T1100,3334A,117.5037,30.6242,池州市,第十二中学,NA,NA,16,11,13,10,NA,NA,22,22,24,32,NA,4,0.8,0.9
2026-03-18T1100,1744A,118.9229,42.2816,赤峰市,松山一中,,26,22,48,3,16,82,82,82,81,9,11,4,4,0.3,0.3
2026-03-18T1100,1745A,118.9588,42.2733,赤峰市,哈达街,,28,28,47,3,14,75,75,69,69,11,16,8,9,0.5,0.5
2026-03-18T1100,1746A,118.8792,42.2551,赤峰市,天义路,,30,16,41,3,18,94,94,86,86,6,11,5,5,0.3,0.4
2026-03-18T1100,3058A,119.2656,42.0356,赤峰市,银河街,NA,NA,NA,109,NA,35,NA,NA,70,69,3,10,NA,11,0.3,0.4
2026-03-18T1100,3286A,118.9359,42.3146,赤峰市,桥北物流园区,,27,12,37,3,13,85,85,76,76,5,9,4,4,0.4,0.5
2026-03-18T1100,2521A,107.3473,22.4137,崇左市,市环保局江州分局,,31,31,51,20,28,66,66,37,36,8,13,6,6,0.7,0.8
2026-03-18T1100,4256A,107.375,22.3736,崇左市,石景林东路7号,,42,42,45,21,28,72,72,38,38,9,16,4,4,0.8,0.9
2026-03-18T1100,3207A,118.31131,32.3033,滁州市,市政府原办公楼,细颗粒物(PM2.5),72,NA,41,46,46,63,63,55,54,14,25,4,4,0.3,0.5
2026-03-18T1100,3331A,118.3268,32.2633,滁州市,图书馆,细颗粒物(PM2.5),60,46,46,40,37,58,58,53,52,19,28,7,8,0.4,0.6
2026-03-18T1100,4101A,118.3196,32.3335,滁州市,银山路666号,细颗粒物(PM2.5),66,44,36,43,41,71,71,57,57,9,21,8,10,0.6,0.7
2026-03-18T1100,4102A,118.3426,32.2979,滁州市,黄山路555号,NA,NA,NA,56,NA,42,NA,NA,57,56,10,27,4,6,0.6,0.8
2026-03-18T1100,2606A,101.5379,25.0492,楚雄彝族自治州,市经济开发区,,36,34,26,25,18,70,70,36,33,18,15,9,9,0.6,0.6
2026-03-18T1100,4153A,101.5536,25.0343,楚雄彝族自治州,团结路562号,,38,38,24,16,16,84,84,37,37,15,17,10,13,0.3,0.3
2026-03-18T1100,2549A,107.5087,31.2186,达州市,市环境监测站,,18,18,16,6,2,22,22,14,14,22,22,5,6,0.4,0.3
2026-03-18T1100,2550A,107.4988,31.2132,达州市,凤凰小区,,17,17,16,7,2,22,22,18,18,24,23,4,5,0.5,0.4
2026-03-18T1100,2551A,107.5081,31.1987,达州市,达县机关宾馆,,16,12,15,6,5,17,17,11,11,31,27,4,5,0.6,0.6
2026-03-18T1100,2552A,107.4644,31.2124,达州市,市政中心,,26,26,22,6,3,16,16,16,16,29,25,4,4,0.6,0.6
2026-03-18T1100,2614A,100.2168,25.5818,大理白族自治州,大理市环境监测站,,28,21,17,19,17,77,77,81,78,9,8,7,7,0.4,0.5
2026-03-18T1100,2615A,100.1542,25.7055,大理白族自治州,大理古城,,23,19,28,8,16,73,73,108,103,19,5,8,8,0.6,0.5
2026-03-18T1100,1109A,121.6119,38.974,大连市,甘井子,,29,10,48,3,36,90,90,84,80,10,25,7,9,0.3,0.4
2026-03-18T1100,1110A,121.565,38.9509,大连市,周水子,,30,30,61,6,40,85,85,80,76,7,20,4,10,0.3,0.6
2026-03-18T1100,1111A,121.5637,38.8849,大连市,星海三站,NA,NA,25,52,3,38,NA,NA,68,63,10,20,4,6,0.5,0.6
2026-03-18T1100,1112A,121.6301,38.9117,大连市,青泥洼桥,,26,14,47,6,34,82,82,80,74,10,21,4,7,0.4,0.5
2026-03-18T1100,1113A,121.6248,38.8643,大连市,傅家庄,,26,13,48,6,36,82,82,82,77,14,27,6,7,0.5,0.6
2026-03-18T1100,1114A,121.5117,38.8636,大连市,七贤岭,NA,NA,28,52,6,35,82,82,80,76,11,26,NA,7,0.5,0.6
2026-03-18T1100,1116A,121.7507,39.1339,大连市,金州,,27,21,48,6,33,85,85,86,77,10,19,5,6,0.4,0.5
2026-03-18T1100,1117A,121.7811,39.0495,大连市,开发区,,31,31,61,3,37,85,85,81,78,10,33,5,9,0.2,0.4
2026-03-18T1100,1118A,121.9762,39.0631,大连市,双D港,,29,25,63,8,46,90,90,80,80,9,28,4,6,0.4,0.5
2026-03-18T1100,4082A,121.2548,38.8188,大连市,旅顺,,25,18,46,6,33,79,79,73,72,8,21,6,7,0.3,0.4
2026-03-18T1100,1789A,124.8085,46.0381,大庆市,大同区,颗粒物(PM10),97,115,182,16,85,88,88,81,80,6,18,10,12,0.5,0.9
2026-03-18T1100,1790A,125.1166,46.5255,大庆市,龙凤区,颗粒物(PM10),54,55,170,10,92,79,79,75,74,9,21,2,6,0.3,0.6
2026-03-18T1100,1791A,124.8894,46.4007,大庆市,红岗区,,46,46,148,8,92,88,88,77,77,6,20,3,4,0.5,1
2026-03-18T1100,1792A,125.1391,46.578,大庆市,萨尔图区,颗粒物(PM10),57,59,166,8,84,77,77,78,76,11,19,7,8,0.4,0.7
2026-03-18T1100,1793A,124.9026,46.6217,大庆市,让胡路区,,32,32,143,10,93,80,80,76,75,6,15,5,8,0.4,0.7
2026-03-18T1100,3481A,125.127,46.6277,大庆市,萨区政府监测点,NA,NA,NA,179,NA,101,NA,NA,78,76,5,13,NA,10,0.2,0.5
2026-03-18T1100,1723A,113.2926,40.0759,大同市,云冈宾馆,NA,NA,NA,91,NA,36,73,73,68,67,9,15,6,8,NA,0.7
2026-03-18T1100,1724A,113.3437,40.0921,大同市,大同大学,,26,21,121,3,30,83,83,70,69,10,18,4,7,0.5,0.6
2026-03-18T1100,1725A,113.2637,40.129,大同市,安家小村,NA,NA,NA,126,NA,35,NA,NA,76,64,NA,23,NA,14,NA,0.6
2026-03-18T1100,3282A,113.3399,40.0586,大同市,大同市卫生学校,NA,NA,50,124,3,32,80,80,74,72,NA,15,3,7,0.5,0.6
2026-03-18T1100,3565A,113.1371,40.1122,大同市,云冈站,,26,15,106,7,25,83,83,61,61,2,9,4,7,0.5,0.6
2026-03-18T1100,3566A,113.1186,40.2556,大同市,图书馆,,33,33,100,8,26,87,87,67,67,6,10,4,6,0.4,0.5
2026-03-18T1100,3567A,113.5931,40.0459,大同市,区一中,,29,26,142,3,46,92,92,70,68,5,16,8,15,0.3,0.4
2026-03-18T1100,4199A,113.2798248,40.09972476,大同市,魏都大道141号,,26,14,126,3,32,81,81,72,70,9,15,8,10,0.7,0.7
2026-03-18T1100,2269A,124.1068,50.4091,大兴安岭地区,科技局,,24,19,35,3,18,76,76,74,73,1,4,5,6,0.3,0.3
2026-03-18T1100,3663A,124.117,50.4279,大兴安岭地区,红旗社区,NA,NA,14,28,3,18,79,79,82,80,3,6,NA,10,0.2,0.3
2026-03-18T1100,1600A,124.33,40.0625,丹东市,江湾东路,,27,25,121,6,100,84,84,59,59,12,31,7,12,0.5,1.4
2026-03-18T1100,1601A,124.4242,40.1513,丹东市,临江后街,NA,NA,NA,133,NA,99,77,77,NA,NA,10,24,8,17,0.3,1.3
2026-03-18T1100,1602A,124.3935,40.1461,丹东市,元宝山,,24,20,126,3,91,76,76,65,65,12,32,5,13,0.1,1.1
2026-03-18T1100,1603A,124.3634,40.1093,丹东市,民主桥,,25,15,126,3,95,80,80,58,58,13,40,4,11,0.3,1.1
2026-03-18T1100,3541A,109.5726195,19.51688767,儋州市,第一中学子站,NA,NA,26,31,12,14,62,62,40,40,NA,4,6,7,0.3,0.4
2026-03-18T1100,3542A,109.5567,19.5187,儋州市,东坡学校子站,,37,37,29,13,16,69,69,39,39,2,7,5,8,0.3,0.3
2026-03-18T1100,2616A,98.5611,24.4273,德宏傣族景颇族自治州,德宏州监测站,细颗粒物(PM2.5),54,38,29,37,19,24,24,17,11,12,11,4,5,0.6,0.6
2026-03-18T1100,3677A,98.5887,24.4366,德宏傣族景颇族自治州,芒市人民政府综合楼,细颗粒物(PM2.5),60,NA,42,40,20,23,23,20,15,18,10,8,8,0.7,0.6
2026-03-18T1100,1901A,104.424,31.1209,德阳市,东山公园,,48,48,18,18,10,62,62,56,56,24,15,4,4,0.4,0.5
2026-03-18T1100,1902A,104.3827,31.1318,德阳市,西小区,颗粒物(PM10),63,68,30,22,13,57,57,47,47,25,19,9,6,0.4,0.6
2026-03-18T1100,1904A,104.3553,31.1091,德阳市,耐火材料厂,颗粒物(PM10),53,53,24,29,14,51,51,46,46,27,21,4,3,0.4,0.5
2026-03-18T1100,4145A,104.4144,31.1495,德阳市,市林业局,颗粒物(PM10),53,53,23,22,12,62,62,50,50,16,21,9,8,0.3,0.5
2026-03-18T1100,1622A,116.3034,37.4675,德州市,儿童乐园,,24,24,104,3,79,68,68,61,61,10,21,9,11,0.4,0.7
2026-03-18T1100,1624A,116.2992,37.4449,德州市,监理站,NA,NA,NA,114,4,78,73,73,72,72,12,25,7,8,NA,0.7
2026-03-18T1100,3066A,116.2722,37.438,德州市,九衢泉纯净水厂,,23,17,99,3,80,73,73,67,67,16,33,3,4,0.5,0.8
2026-03-18T1100,3371A,116.3693,37.44,德州市,开发区人民医院,,22,22,105,3,81,66,66,67,61,11,21,6,7,0.4,0.7
2026-03-18T1100,3511A,116.5687,37.3331,德州市,陵城艺术中心,,22,22,96,3,84,67,67,62,62,5,16,3,3,0.4,0.7
2026-03-18T1100,4292A,116.352738,37.420875,德州市,新河东路,NA,NA,14,104,3,77,68,68,65,65,12,21,8,9,NA,0.7
2026-03-18T1100,2621A,99.7054,27.8319,迪庆藏族自治州,迪庆州站,,25,17,19,14,11,77,77,95,88,14,7,8,8,0.7,0.5
2026-03-18T1100,3180A,99.7122,27.8129,迪庆藏族自治州,质量技术监督局,,25,20,18,12,10,77,77,93,85,13,7,5,5,0.7,0.6
2026-03-18T1100,4257A,104.6092,35.5962,定西市,将台街,颗粒物(PM10),93,110,95,34,29,87,87,87,84,5,10,8,8,0.3,0.3
2026-03-18T1100,4309A,104.6159,35.5701,定西市,正龙路62号,颗粒物(PM10),95,112,95,30,25,77,77,78,75,8,10,3,4,0.3,0.3
2026-03-18T1100,4071A,114.9883,38.5232,定州市,交通局,,29,24,96,3,58,90,90,75,75,6,21,11,14,0.3,0.7
2026-03-18T1100,4072A,115.0045,38.5136,定州市,第五中学,,32,32,110,3,60,88,88,74,74,3,20,7,10,0.3,0.7
2026-03-18T1100,1390A,113.7943,23.0132,东莞市,东城石井,,33,33,35,19,19,92,92,40,40,24,29,3,3,0.5,0.5
2026-03-18T1100,1391A,113.7384,22.9659,东莞市,南城西平,,31,28,42,14,22,97,97,33,33,17,41,5,6,0.5,0.5
2026-03-18T1100,3319A,113.7283,23.041,东莞市,万江金泰,,36,36,42,21,21,89,89,54,54,29,23,5,5,0.6,0.6
2026-03-18T1100,4129A,113.8666,23.1062,东莞市,裕兴路,,42,38,33,29,21,110,110,54,54,25,26,7,7,0.6,0.6
2026-03-18T1100,4130A,114.0076,22.9739,东莞市,教育路1号,,30,17,48,6,22,94,94,39,39,8,30,5,5,0.3,0.3
2026-03-18T1100,4131A,113.7981,22.8124,东莞市,长怡路1号,,39,39,49,20,22,91,91,41,41,23,37,4,4,0.6,0.6
2026-03-18T1100,1666A,118.6612,37.4313,东营市,市环保局,,24,14,73,3,54,76,76,68,68,9,19,6,14,0.3,0.6
2026-03-18T1100,3036A,118.6903,37.4337,东营市,开发区管委会,,25,15,74,3,53,80,80,71,71,11,29,5,12,0.4,0.8
2026-03-18T1100,3365A,118.5721,37.5654,东营市,垦利区民丰路,,25,19,69,3,59,80,80,73,72,4,22,9,14,0.7,0.8
2026-03-18T1100,3498A,118.5063,37.8606,东营市,河口城区,,27,24,86,3,63,86,86,76,76,5,18,7,11,0.4,0.7
2026-03-18T1100,3646A,118.4979,37.4623,东营市,胜利站,,27,27,84,3,52,71,71,64,64,4,21,6,11,0.5,0.8
2026-03-18T1100,3734A,118.5753,37.4405,东营市,理想之城,,25,22,68,3,52,80,80,75,75,5,24,3,8,0.5,0.9
2026-03-18T1100,1591A,110.0024,39.8127,鄂尔多斯市,综合楼,,27,27,122,14,19,83,83,78,76,10,10,10,6,0.4,0.3
2026-03-18T1100,1592A,109.9485,39.8259,鄂尔多斯市,巴音孟克林场办事处,,27,24,118,3,17,84,84,62,61,8,13,9,6,0.4,0.3
2026-03-18T1100,1593A,109.7734,39.5987,鄂尔多斯市,康泽苑,NA,NA,68,105,NA,16,NA,NA,83,81,NA,6,9,7,0.4,0.3
2026-03-18T1100,1594A,109.8121,39.5987,鄂尔多斯市,华泰汽车城,,28,27,108,9,19,87,87,92,91,13,8,7,7,0.2,0.3
2026-03-18T1100,1595A,109.9734,39.7884,鄂尔多斯市,奥林花园,,27,17,119,14,21,84,84,75,74,14,15,10,6,0.3,0.2
2026-03-18T1100,2436A,114.894,30.3989,鄂州市,市政府,,16,16,12,10,5,46,46,28,28,20,22,7,7,0.5,0.6
2026-03-18T1100,2437A,114.8986,30.3714,鄂州市,赵家坝,,22,22,14,13,5,57,57,35,35,8,13,8,9,1.0,1
2026-03-18T1100,3654A,114.8093,30.4091,鄂州市,精准医疗中心,,17,17,13,9,4,54,54,35,35,16,15,4,9,0.8,0.8
2026-03-18T1100,2454A,109.4978,30.2979,恩施土家族苗族自治州,湖北民院,,19,19,16,3,10,50,50,36,36,11,13,6,6,0.7,0.8
2026-03-18T1100,3549A,109.5061,30.3771,恩施土家族苗族自治州,龙凤新区,,15,6,12,3,7,47,47,33,33,4,5,7,7,0.5,0.6
2026-03-18T1100,2499A,108.3411,21.6159,防城港市,沙万,颗粒物(PM10),64,69,53,14,16,52,52,36,32,18,21,6,6,0.8,0.6
2026-03-18T1100,2500A,108.3515,21.7733,防城港市,防城档案局,NA,NA,42,39,24,19,40,40,23,23,14,9,NA,6,0.6,0.5
2026-03-18T1100,2501A,108.3506,21.6414,防城港市,大海花园,,40,40,36,16,19,64,64,48,41,28,23,8,8,0.6,0.5
2026-03-18T1100,1371A,113.1293,23.0065,佛山市,湾梁,,36,36,34,20,20,72,72,29,29,20,26,/,/,/,/
2026-03-18T1100,1372A,113.1082,23.0477,佛山市,华材职中,,39,39,38,18,20,74,74,39,39,25,26,8,7,0.3,0.3
2026-03-18T1100,1373A,113.1439,23.045,佛山市,南海气象局,,41,41,37,18,22,69,69,29,29,22,30,/,/,/,/
2026-03-18T1100,1374A,113.2879,22.8094,佛山市,顺德苏岗,,44,44,36,16,18,81,81,32,32,21,24,/,/,0.4,0.5
2026-03-18T1100,1376A,112.8384,22.8678,佛山市,高明孔堂,,26,26,31,11,13,77,77,50,50,3,6,/,/,/,/
2026-03-18T1100,1377A,112.8835,23.1584,佛山市,三水监测站,,44,44,40,23,22,62,62,36,36,21,27,8,4,0.4,0.4
2026-03-18T1100,1378A,112.8668,23.185,佛山市,三水云东海,颗粒物(PM10),55,56,54,16,21,68,68,45,45,16,23,/,/,/,/
2026-03-18T1100,3625A,113.2568,22.7629,佛山市,容桂街道办,,31,31,29,15,18,81,81,37,37,23,27,/,/,/,/
2026-03-18T1100,1282A,119.2681,26.0506,福州市,师大,颗粒物(PM10),52,52,44,25,27,93,93,66,66,15,15,3,3,0.4,0.3
2026-03-18T1100,1283A,119.2983,26.1028,福州市,五四北路,颗粒物(PM10),53,54,39,29,28,92,92,68,68,18,17,4,4,0.5,0.4
2026-03-18T1100,1284A,119.2648,26.0769,福州市,杨桥西路,颗粒物(PM10),53,54,40,28,28,90,90,68,68,18,15,4,4,/,/
2026-03-18T1100,3048A,119.5799,26.0937,福州市,九龙,细颗粒物(PM2.5),58,51,31,39,25,95,95,64,60,19,12,6,4,0.5,0.3
2026-03-18T1100,3526A,119.5188,25.9666,福州市,吴航,,39,39,42,26,27,95,95,63,63,18,15,5,5,0.6,0.5
2026-03-18T1100,4104A,119.3106,26.0648,福州市,路通桥巷6号,,50,50,46,29,28,90,90,61,61,15,13,/,/,/,/
2026-03-18T1100,1755A,123.7974,41.8494,抚顺市,望花区,,28,23,136,3,66,87,87,75,75,8,27,11,19,0.6,1.1
2026-03-18T1100,1756A,123.9161,41.8827,抚顺市,顺城区,NA,NA,NA,115,NA,69,NA,NA,72,72,9,27,8,15,0.5,0.9
2026-03-18T1100,1757A,124.0437,41.8615,抚顺市,东洲区,,29,29,144,7,79,83,83,74,74,7,24,8,12,0.4,0.9
2026-03-18T1100,1758A,123.9246,41.8638,抚顺市,新抚区,,31,31,148,11,71,78,78,74,74,15,25,8,13,0.4,0.9
2026-03-18T1100,1759A,124.0972,41.8961,抚顺市,大伙房水库,,38,38,137,14,72,90,90,78,78,8,21,10,15,0.3,0.8
2026-03-18T1100,1760A,123.708,41.8386,抚顺市,沈抚新城,,28,28,125,3,63,86,86,76,76,8,26,6,12,0.4,0.7
2026-03-18T1100,2377A,116.3544,27.9833,抚州市,市站,,20,20,41,11,37,45,45,38,34,13,14,10,9,1.4,1.3
2026-03-18T1100,2378A,116.3562,27.9631,抚州市,血防站,,23,23,44,14,34,45,45,38,33,5,7,2,3,1.0,1
2026-03-18T1100,2379A,116.3561,28.0007,抚州市,采茶剧团,,28,23,44,19,34,45,45,34,31,11,13,16,15,0.8,0.8
2026-03-18T1100,2380A,116.3854,27.9648,抚州市,医学分院,,27,27,48,12,30,49,49,39,35,10,12,5,10,1.2,1.3
2026-03-18T1100,2207A,121.6095,41.9978,阜新市,工业园区,,31,16,80,3,45,98,98,86,86,8,14,7,9,0.3,0.5
2026-03-18T1100,2208A,121.6567,42.0188,阜新市,长青街,,28,10,71,3,45,89,89,80,80,7,14,7,9,0.4,0.6
2026-03-18T1100,2209A,121.6672,42.07,阜新市,农业园区,,29,19,89,3,42,90,90,81,81,9,14,4,6,0.3,0.5
2026-03-18T1100,2211A,121.6343,42.0455,阜新市,玉龙新城,颗粒物(PM10),62,66,83,3,43,91,91,81,80,6,15,6,9,0.3,0.5
2026-03-18T1100,2301A,115.8276,32.8929,阜阳市,市监测站,细颗粒物(PM2.5),101,91,57,61,37,60,60,55,55,15,16,4,4,0.6,0.5
2026-03-18T1100,2303A,115.8551,32.8606,阜阳市,开发区,细颗粒物(PM2.5),92,92,55,56,35,62,62,56,56,17,17,4,4,0.6,0.6
2026-03-18T1100,2875A,115.783962,32.889217,阜阳市,阜阳职业技术学院,NA,NA,NA,45,NA,21,NA,NA,55,55,12,15,6,6,0.7,0.6
2026-03-18T1100,3468A,115.79,32.8614,阜阳市,市规划展馆,细颗粒物(PM2.5),105,89,51,65,36,63,63,59,59,13,13,7,6,0.7,0.6
2026-03-18T1100,3469A,115.835101,32.918568,阜阳市,枣园社区,细颗粒物(PM2.5),107,81,50,67,41,64,64,56,56,12,15,4,7,0.6,0.7
2026-03-18T1100,2669A,102.9097,34.9841,甘南藏族自治州,州政府,NA,NA,40,41,11,19,NA,NA,109,104,7,4,NA,4,0.4,0.3
2026-03-18T1100,3380A,102.8915,34.9618,甘南藏族自治州,甘肃民族师范学院,,44,44,44,19,17,94,94,92,88,5,4,3,3,0.4,0.4
2026-03-18T1100,2570A,101.96,30.048,甘孜藏族自治州,水桥子,,18,6,10,3,2,56,56,59,54,13,8,4,4,0.7,0.6
2026-03-18T1100,3065A,101.9534,29.9976,甘孜藏族自治州,州环保局,,20,6,5,3,4,63,63,74,68,20,11,6,6,0.6,0.5
2026-03-18T1100,2363A,114.9368,25.8663,赣州市,地委,,26,26,34,12,15,75,75,73,68,12,14,7,6,0.7,0.7
2026-03-18T1100,2364A,114.946,25.8483,赣州市,气象台,,28,25,34,13,19,88,88,88,85,11,13,9,7,0.5,0.5
2026-03-18T1100,2365A,114.932,25.8332,赣州市,市图书馆,NA,NA,NA,32,6,14,NA,NA,70,67,NA,12,7,5,0.4,0.4
2026-03-18T1100,2366A,114.8905,25.8472,赣州市,华坚鞋城,,32,32,38,8,18,81,81,73,72,12,14,8,8,0.4,0.4
2026-03-18T1100,3109A,115.0094,25.8614,赣州市,赣县区卫计委,,24,24,36,13,16,74,74,46,45,13,18,4,3,0.5,0.6
2026-03-18T1100,2684A,106.2753,36.0057,固原市,监测站,颗粒物(PM10),144,233,137,45,29,NA,NA,64,57,NA,10,9,9,0.4,0.4
2026-03-18T1100,2685A,106.2384,36.0189,固原市,新区,颗粒物(PM10),144,232,131,42,29,68,68,64,60,9,9,9,8,0.3,0.3
2026-03-18T1100,2544A,106.6307,30.4577,广安市,市委,,16,13,15,11,9,46,46,44,44,14,16,5,5,0.6,0.7
2026-03-18T1100,2545A,106.6266,30.4662,广安市,友谊中学,,16,12,15,7,8,51,51,50,50,11,15,5,5,0.7,0.8
2026-03-18T1100,2547A,106.6386,30.4551,广安市,广电花园,,16,16,19,7,12,44,44,44,44,15,17,8,8,0.8,0.8
2026-03-18T1100,2902A,106.6347,30.4868,广安市,北辰小学,,15,12,16,10,10,46,46,43,43,11,14,4,4,0.7,0.8
2026-03-18T1100,2524A,105.8211,32.4444,广元市,老城,NA,NA,NA,37,17,10,NA,NA,80,65,8,14,NA,5,0.2,0.3
2026-03-18T1100,2526A,105.8629,32.429,广元市,监测站,颗粒物(PM10),58,61,39,14,10,83,83,81,68,11,12,1,2,0.3,0.3
2026-03-18T1100,3617A,105.8047,32.4167,广元市,经开区,颗粒物(PM10),59,62,35,22,17,74,74,74,62,16,16,3,3,0.3,0.3
2026-03-18T1100,1345A,113.2346,23.1423,广州市,广雅中学,,36,36,36,16,15,60,60,26,26,30,35,3,3,0.6,0.5
2026-03-18T1100,1346A,113.2611,23.105,广州市,市五中,,43,43,41,20,20,72,72,29,29,31,37,7,7,/,/
2026-03-18T1100,1348A,113.3477,23.0916,广州市,广东商学院,,42,38,38,29,24,59,59,19,19,32,44,6,6,0.6,0.7
2026-03-18T1100,1349A,113.4332,23.105,广州市,市八十六中,NA,NA,34,31,18,13,NA,NA,16,16,34,50,5,5,/,/
2026-03-18T1100,1350A,113.3506,22.9488,广州市,番禺中学,,47,47,50,14,10,79,79,25,25,22,33,4,3,0.5,0.5
2026-03-18T1100,1351A,113.2147,23.3918,广州市,花都师范,,46,46,48,23,23,48,48,12,12,40,41,7,6,0.6,0.6
2026-03-18T1100,1352A,113.2599,23.1329,广州市,市监测站,,42,42,38,21,18,61,61,24,24,32,36,2,1,/,/
2026-03-18T1100,1353A,113.5618,23.3119,广州市,九龙镇镇龙,NA,NA,55,48,32,25,NA,NA,9,9,31,30,6,5,0.4,0.3
2026-03-18T1100,1354A,113.2764,23.1544,广州市,麓湖,,35,35,37,17,18,74,74,29,29,21,31,4,3,0.5,0.4
2026-03-18T1100,2846A,113.3209,23.1323,广州市,体育西,,41,41,40,19,15,66,66,24,24,32,43,6,6,0.6,0.6
2026-03-18T1100,3298A,113.5718,23.5493,广州市,从化街口,,34,34,39,19,19,86,86,32,32,11,22,6,5,0.6,0.6
2026-03-18T1100,3299A,113.3463,23.369,广州市,白云竹料,NA,NA,45,47,23,22,NA,NA,14,14,30,33,5,4,0.6,0.6
2026-03-18T1100,3300A,113.2981,23.2365,广州市,白云嘉禾,,39,39,43,20,20,73,73,20,20,27,45,6,7,/,/
2026-03-18T1100,3301A,113.4256,23.1716,广州市,黄埔科学城,,41,41,39,24,18,84,84,NA,NA,21,35,8,8,0.5,0.5
2026-03-18T1100,3302A,113.3942,23.0485,广州市,番禺大学城,,37,37,43,17,17,90,90,33,33,33,39,7,8,0.4,0.4
2026-03-18T1100,3303A,113.4923,22.8169,广州市,南沙黄阁,颗粒物(PM10),52,52,37,25,18,66,66,26,26,36,45,6,7,/,/
2026-03-18T1100,3304A,113.534,22.7893,广州市,南沙街,,41,41,35,20,20,57,57,31,31,29,38,8,8,0.5,0.5
2026-03-18T1100,3443A,113.2905,23.5541,广州市,花都梯面,颗粒物(PM10),58,61,41,35,21,58,58,21,21,33,24,8,6,/,/
2026-03-18T1100,3445A,113.786,23.7479,广州市,从化良口,,23,16,16,8,7,73,73,25,25,9,17,4,4,/,/
2026-03-18T1100,3446A,113.805,23.2614,广州市,增城荔城,细颗粒物(PM2.5),68,67,41,44,23,100,100,30,30,23,28,6,5,0.4,0.4
2026-03-18T1100,2506A,109.604387,23.066791,贵港市,江南子站,,44,44,56,23,28,58,58,39,39,11,15,7,7,0.5,0.6
2026-03-18T1100,2508A,109.5669,23.1065,贵港市,荷城子站,NA,NA,NA,46,NA,24,NA,NA,48,42,28,16,NA,8,NA,0.6
2026-03-18T1100,3405A,109.5886,23.1172,贵港市,新世纪学校,颗粒物(PM10),55,56,48,28,25,42,42,49,41,29,19,/,/,0.6,0.5
2026-03-18T1100,4260A,109.5933,23.095,贵港市,中山路155-3号,颗粒物(PM10),60,64,57,32,29,51,51,42,38,17,15,/,/,0.5,0.5
2026-03-18T1100,1439A,106.6863,26.6035,贵阳市,马鞍山,,18,12,24,12,20,48,48,36,36,10,8,6,4,/,/
2026-03-18T1100,1441A,106.6241,26.6266,贵阳市,鉴湖路,NA,NA,14,31,3,17,NA,NA,52,52,11,11,6,4,NA,0.4
2026-03-18T1100,1442A,106.7468,26.6344,贵阳市,燕子冲,,17,17,21,10,15,50,50,42,42,11,10,9,7,1.0,0.9
2026-03-18T1100,1443A,106.6556,26.4362,贵阳市,碧云窝,,34,34,29,14,16,52,52,47,47,18,11,11,6,/,/
2026-03-18T1100,1445A,106.6963,26.6063,贵阳市,红边门,,20,19,29,14,17,51,51,46,46,14,13,10,7,/,/
2026-03-18T1100,1446A,106.7162383,26.56964667,贵阳市,新华路,,22,22,32,8,16,53,53,48,48,17,12,7,11,0.4,0.5
2026-03-18T1100,1447A,106.6742,26.542,贵阳市,太慈桥,,20,14,22,14,18,49,49,43,43,18,13,5,5,/,/
2026-03-18T1100,4230A,106.688212,26.56952,贵阳市,花果园大街66号,,19,NA,22,13,16,43,43,41,41,13,11,4,3,/,/
2026-03-18T1100,4231A,106.687268,26.516892,贵阳市,漓江路57号,,16,9,21,9,16,51,51,45,45,18,13,9,8,0.8,0.7
2026-03-18T1100,1864A,110.3091,25.2705,桂林市,龙隐路小学,,15,12,86,10,75,21,21,14,14,18,39,3,13,0.8,0.9
2026-03-18T1100,1865A,110.2849361,25.22909545,桂林市,八中,,16,16,90,3,46,16,16,8,8,19,45,3,14,1.1,1.3
2026-03-18T1100,3531A,110.296,25.1254,桂林市,旅游学院,,44,44,105,17,83,16,16,6,6,21,44,5,11,0.9,1
2026-03-18T1100,4222A,110.1835,25.2444,桂林市,环湖路276号,,22,NA,114,15,93,16,16,7,7,20,46,3,37,1.1,1.3
2026-03-18T1100,4301A,110.2803,25.2773,桂林市,信义路13号,,16,16,96,3,73,14,14,9,9,19,46,3,18,1.2,1.4
2026-03-18T1100,2674A,100.2262,34.4854,果洛藏族自治州,玛沁县大武镇,,35,27,41,24,21,95,95,92,89,7,2,13,15,0.7,0.4
2026-03-18T1100,1130A,126.5557,45.8109,哈尔滨市,松北商大,,25,23,211,8,119,80,80,73,73,4,23,3,8,0.2,0.7
2026-03-18T1100,1132A,126.6162,45.719,哈尔滨市,南岗学府路,,26,25,257,8,99,83,83,75,75,8,29,8,15,0,0.6
2026-03-18T1100,1133A,126.6894,45.7733,哈尔滨市,太平宏伟公园,,25,25,236,6,98,80,80,73,73,8,29,7,15,0.4,1
2026-03-18T1100,1134A,126.6361,45.7672,哈尔滨市,道外承德广场,,42,42,302,10,115,82,82,75,75,11,33,8,17,0.9,1.2
2026-03-18T1100,1136A,126.644,45.7261,哈尔滨市,动力和平路,,26,26,250,10,103,76,76,71,71,8,27,9,17,0.7,1.3
2026-03-18T1100,1137A,126.5933,45.7479,哈尔滨市,道里建国路,,25,16,212,9,106,77,77,71,71,11,34,7,19,0.2,0.7
2026-03-18T1100,1138A,126.6127,45.6119,哈尔滨市,平房东轻厂,NA,NA,40,173,3,87,NA,NA,58,58,41,63,30,26,0.5,1.1
2026-03-18T1100,1139A,126.5875,45.9827,哈尔滨市,呼兰师专,,32,32,218,11,91,77,77,70,70,8,29,8,14,0.2,0.7
2026-03-18T1100,1140A,126.6299,45.6799,哈尔滨市,省农科院,NA,NA,NA,310,NA,101,NA,NA,70,70,7,37,9,15,0.6,1.2
2026-03-18T1100,4282A,126.6769,45.7379,哈尔滨市,华山路1号,,27,27,248,3,89,76,76,71,71,13,29,9,14,0.6,1.2
2026-03-18T1100,4283A,126.9717,45.5356,哈尔滨市,解放大街52号,颗粒物(PM10),55,57,205,7,94,84,84,72,72,7,24,5,12,0,0.3
2026-03-18T1100,2688A,93.5124,42.8176,哈密市,地区监测站,,48,48,26,10,10,59,59,57,46,12,12,5,5,0.3,0.2
2026-03-18T1100,2689A,93.5014,42.8312,哈密市,哈密师范学校,,50,50,31,6,13,52,52,48,34,30,24,7,6,0.5,0.3
2026-03-18T1100,2671A,100.9016,36.9464,海北藏族自治州,海晏县西海镇,颗粒物(PM10),64,69,58,31,32,84,84,78,77,6,4,9,7,0.6,0.5
2026-03-18T1100,3867A,102.074,36.5056,海东市,平安区公安局北苑,颗粒物(PM10),99,118,90,33,38,87,87,72,72,6,10,17,14,0.6,1
2026-03-18T1100,4163A,102.0984,36.5119,海东市,滨河路,颗粒物(PM10),92,108,88,34,38,71,71,48,48,15,28,14,14,1.0,1
2026-03-18T1100,1410A,110.3189,20.0596,海口市,海南大学,,30,30,30,15,12,56,56,50,49,12,8,5,6,0.4,0.3
2026-03-18T1100,1411A,110.2827,20.0051,海口市,秀英海南医院,,23,23,24,13,10,58,58,43,43,9,11,8,8,0.3,0.3
2026-03-18T1100,1412A,110.3391,19.9979,海口市,海南师范大学,,32,32,30,16,13,55,55,54,52,11,9,6,6,0.4,0.4
2026-03-18T1100,1413A,110.3303,20.0359,海口市,龙华路环保局宿舍,NA,NA,28,44,18,14,52,52,54,51,16,9,/,/,NA,0.1
2026-03-18T1100,3539A,110.5111,19.9737,海口市,桂林洋子站,,25,25,30,9,14,71,71,45,45,6,10,/,/,/,/
2026-03-18T1100,4134A,110.1952,20.0451,海口市,长滨二路9号,,21,19,26,12,14,66,66,48,48,6,7,/,/,/,/
2026-03-18T1100,2673A,100.6158,36.2985,海南藏族自治州,共和县恰卜恰镇,颗粒物(PM10),63,68,50,21,29,102,102,96,94,4,6,13,10,0.4,0.3
2026-03-18T1100,2676A,97.373,37.376,海西蒙古族藏族自治州,德令哈市,,42,24,70,17,27,132,132,132,132,1,4,14,14,0.4,0.4
2026-03-18T1100,1049A,114.492,36.5712,邯郸市,矿院,NA,NA,38,78,3,54,77,77,57,57,2,12,NA,2,NA,0.6
2026-03-18T1100,1050A,114.4839,36.6136,邯郸市,丛台公园,,43,43,84,3,62,78,78,58,58,3,14,3,3,0.2,0.6
2026-03-18T1100,3458A,114.7893,36.5592,邯郸市,香泉濮院小区,颗粒物(PM10),62,66,85,3,43,77,77,60,60,2,12,3,2,0.2,0.7
2026-03-18T1100,3580A,114.1998,36.4439,邯郸市,峰峰矿区临水派出所,,32,32,79,3,54,84,84,65,65,2,10,2,6,0.5,0.8
2026-03-18T1100,4068A,114.5209,36.7697,邯郸市,建安街268号,,45,45,85,3,66,80,80,59,59,6,16,2,2,0.3,0.6
2026-03-18T1100,4069A,114.5488,36.6177,邯郸市,丛台东路558号,NA,NA,29,67,3,54,77,77,53,53,NA,13,3,2,0.3,0.6
2026-03-18T1100,2635A,107.0155,33.0707,汉中市,市监测站,,24,24,20,15,14,46,46,27,27,10,17,7,7,0.7,0.9
2026-03-18T1100,2636A,107.0083,33.114,汉中市,鑫源开发区,,33,33,19,10,9,49,49,23,23,12,20,4,4,0.4,0.6
2026-03-18T1100,2637A,107.0072,33.0323,汉中市,南郑大河坎水厂,NA,NA,33,23,15,14,NA,NA,29,29,10,20,5,4,0.6,0.9
2026-03-18T1100,1223A,120.2073,30.2111,杭州市,滨江,NA,NA,25,74,18,46,10,10,8,8,32,46,7,7,NA,1.1
2026-03-18T1100,1224A,120.0625,30.2737,杭州市,西溪,,32,32,75,12,46,9,9,6,6,26,38,8,8,1.2,0.9
2026-03-18T1100,1226A,120.3417,30.315,杭州市,下沙,,37,37,81,22,42,14,14,10,10,26,40,7,7,0.9,0.8
2026-03-18T1100,1227A,120.1252,30.2465,杭州市,卧龙桥,NA,NA,NA,74,15,46,13,13,7,7,25,40,7,7,0.8,0.5
2026-03-18T1100,1228A,120.1902,30.2691,杭州市,浙江农大,,23,17,50,16,47,13,13,13,13,33,50,6,6,1.1,0.8
2026-03-18T1100,1230A,120.1195,30.3121,杭州市,和睦小学,,33,33,91,16,46,12,12,10,10,24,43,6,6,1.1,0.8
2026-03-18T1100,1231A,120.3076,30.4146,杭州市,临平镇,,28,25,58,19,39,20,20,17,17,26,33,6,6,1.0,0.7
2026-03-18T1100,1232A,120.2753,30.1839,杭州市,城厢镇,,34,34,58,17,49,15,15,10,10,22,34,8,8,1.1,0.8
2026-03-18T1100,1233A,120.0883,30.1808,杭州市,云栖,NA,NA,24,67,8,45,14,14,7,7,NA,37,5,5,1.1,0.9
2026-03-18T1100,3557A,119.9463,30.0496,杭州市,镇二中,,15,7,52,7,57,11,11,3,3,30,38,4,4,1.1,0.8
2026-03-18T1100,3558A,119.7184,30.2367,杭州市,市府大楼,,11,6,45,3,46,12,12,4,4,22,28,6,6,0.8,0.5
2026-03-18T1100,3656A,120.1554,30.2863,杭州市,消防大队,,27,27,87,17,50,13,13,10,10,26,42,7,7,1.2,0.8
2026-03-18T1100,1270A,117.1957,31.7845,合肥市,明珠广场,,43,39,30,30,24,35,35,42,42,19,23,5,5,1.0,1.2
2026-03-18T1100,1271A,117.307,31.8765,合肥市,三里街,,50,39,33,35,30,49,49,43,43,20,31,5,5,0.7,0.9
2026-03-18T1100,1272A,117.2587,31.8703,合肥市,琥珀山庄,细颗粒物(PM2.5),56,41,34,38,30,48,48,47,47,21,30,5,6,0.7,0.9
2026-03-18T1100,1275A,117.2593,31.9376,合肥市,庐阳区,,45,44,36,31,23,49,49,46,46,15,24,4,4,0.8,1
2026-03-18T1100,1276A,117.345251,31.861615,合肥市,瑶海区,,41,41,32,27,22,42,42,44,44,26,32,4,5,0.6,0.8
2026-03-18T1100,1277A,117.3033,31.7967,合肥市,包河区,,44,44,32,27,21,36,36,37,37,34,49,7,10,0.8,1.2
2026-03-18T1100,1278A,117.278,31.7392,合肥市,滨湖新区,,40,36,28,28,21,34,34,39,39,24,26,3,4,0.7,0.9
2026-03-18T1100,1279A,117.1324,31.8395,合肥市,高新区,,40,36,34,28,22,41,41,44,44,15,20,4,4,0.7,0.9
2026-03-18T1100,3464A,117.3802,31.9148,合肥市,高教基地,,49,39,32,34,26,44,44,46,46,22,25,7,7,0.6,0.7
2026-03-18T1100,4098A,117.2518,31.8404,合肥市,中国科学技术大学,,40,31,28,28,19,47,47,46,46,16,24,5,4,0.7,0.9
2026-03-18T1100,3614A,79.9241,37.0878,和田地区,地区环保局,颗粒物(PM10),167,283,200,78,56,39,39,42,34,30,19,1,2,0.9,0.6
2026-03-18T1100,3615A,79.9132,37.1137,和田地区,市环保局,NA,NA,NA,210,NA,55,NA,NA,81,26,NA,22,NA,2,NA,1.0
2026-03-18T1100,2517A,108.0496,24.6957,河池市,市环保站,,18,NA,29,12,20,30,30,44,35,8,6,5,5,0.5,0.4
2026-03-18T1100,4302A,108.0901,24.6945,河池市,上任中路54号,NA,NA,NA,34,NA,19,NA,NA,74,42,NA,8,NA,7,NA,0.5
2026-03-18T1100,1697A,114.6962,23.7538,河源市,东埔,,27,27,37,16,22,84,84,50,50,10,13,6,6,0.6,0.6
2026-03-18T1100,1698A,114.6895,23.7232,河源市,老城,,33,33,37,18,21,83,83,48,48,12,12,7,6,0.6,0.6
2026-03-18T1100,3374A,115.5562,35.089,菏泽市,定陶老年大学,细颗粒物(PM2.5),66,56,80,43,67,56,56,54,51,14,17,4,5,0.6,0.7
2026-03-18T1100,4114A,115.4239,35.2593,菏泽市,黄河路600号,颗粒物(PM10),55,57,96,28,74,63,63,40,34,10,20,1,2,0.4,0.5
2026-03-18T1100,4115A,115.5025,35.2727,菏泽市,菏泽市人社局,NA,NA,NA,89,NA,79,NA,NA,52,40,12,19,4,4,0.4,0.6
2026-03-18T1100,4184A,115.479691,35.244011,菏泽市,永昌路1号,,47,47,93,24,77,78,78,50,50,12,22,2,2,0,0.2
2026-03-18T1100,4193A,115.471542,35.280012,菏泽市,长城路999号,,47,47,88,21,73,66,66,58,47,9,16,2,6,0.3,0.5
2026-03-18T1100,2514A,111.5264,24.4178,贺州市,环保小区,颗粒物(PM10),58,60,56,26,32,29,29,45,34,32,24,6,6,0.6,0.5
2026-03-18T1100,2515A,111.561,24.4074,贺州市,政协大楼,,41,41,53,22,30,40,40,40,40,27,24,8,8,0.3,0.4
2026-03-18T1100,3534A,111.4744,24.455,贺州市,西湾,NA,NA,NA,64,26,34,46,46,36,36,NA,28,8,7,0.6,0.6
2026-03-18T1100,2385A,114.17,35.9019,鹤壁市,市监测站,NA,NA,55,103,16,75,68,68,49,49,NA,19,4,4,0.3,0.7
2026-03-18T1100,2386A,114.2953,35.7512,鹤壁市,市交警支队,颗粒物(PM10),83,96,93,34,70,54,54,37,37,19,25,4,5,0.4,0.7
2026-03-18T1100,2387A,114.2877,35.7302,鹤壁市,迎宾馆,颗粒物(PM10),100,120,102,31,72,62,62,44,44,11,19,9,8,0.5,0.8
2026-03-18T1100,1608A,120.8382,40.7521,葫芦岛市,化工街,,25,14,76,3,62,80,80,71,71,12,24,13,16,0.3,0.6
2026-03-18T1100,1609A,120.8339,40.7078,葫芦岛市,新区,,24,14,63,3,63,74,74,67,66,14,23,10,10,0.6,0.8
2026-03-18T1100,1610A,120.8697,40.7679,葫芦岛市,东城区,NA,NA,31,61,7,67,80,80,66,66,NA,25,9,11,0.4,0.8
2026-03-18T1100,2483A,109.9297,27.5383,怀化市,河西地税局,,22,NA,6,11,5,70,70,61,61,10,10,3,3,/,/
2026-03-18T1100,2484A,109.9783,27.5342,怀化市,市四医院,,19,11,11,9,5,59,59,49,49,11,9,6,6,0.5,0.5
2026-03-18T1100,2485A,109.9971,27.5579,怀化市,监测楼,,21,12,8,8,5,65,65,52,52,7,7,2,3,0.3,0.3
2026-03-18T1100,1210A,119.0566,33.5991,淮安市,钵池山,NA,NA,46,42,44,39,NA,NA,93,93,19,17,8,8,0.5,0.4
2026-03-18T1100,1211A,119.0083,33.578,淮安市,北京南路,细颗粒物(PM2.5),74,NA,38,47,40,74,74,87,86,18,13,6,6,0.5,0.4
2026-03-18T1100,1212A,118.9938,33.6083,淮安市,市监测站,细颗粒物(PM2.5),78,NA,33,49,42,76,76,90,88,20,16,4,4,0.5,0.4
2026-03-18T1100,1213A,119.135,33.5038,淮安市,楚州区监测站,NA,NA,0,38,NA,43,NA,NA,91,91,13,12,5,6,0.7,0.6
2026-03-18T1100,3426A,118.8757,33.2897,淮安市,新华书店,细颗粒物(PM2.5),70,52,49,45,46,86,86,84,84,12,15,6,6,0.6,0.5
2026-03-18T1100,4092A,119.119691,33.550006,淮安市,枚皋中路89号,细颗粒物(PM2.5),58,44,47,39,43,84,84,91,90,19,15,9,9,0.6,0.5
2026-03-18T1100,4206A,119.028838,33.631911,淮安市,承德北路606号,细颗粒物(PM2.5),80,68,50,50,41,71,71,88,87,20,14,6,7,0.5,0.4
2026-03-18T1100,2282A,116.8005,33.9749,淮北市,监测站,细颗粒物(PM2.5),110,80,70,70,58,63,63,55,52,14,18,5,5,0.7,0.6
2026-03-18T1100,2283A,116.8094,33.9008,淮北市,烈山区政府,细颗粒物(PM2.5),113,NA,65,74,57,64,64,54,50,15,15,3,4,0.6,0.4
2026-03-18T1100,4017A,116.7926,33.9534,淮北市,市博物馆,细颗粒物(PM2.5),110,78,62,70,60,59,59,52,48,15,18,2,2,0.7,0.5
2026-03-18T1100,4100A,116.8322,33.9884,淮北市,杜集区第一实验学校,细颗粒物(PM2.5),112,88,69,73,59,53,53,48,45,17,18,5,5,0.7,0.6
2026-03-18T1100,2277A,116.8304,32.7726,淮南市,潘集区政府,细颗粒物(PM2.5),74,68,57,47,42,55,55,51,49,12,15,5,5,0.6,0.6
2026-03-18T1100,2279A,116.8569,32.5949,淮南市,谢家集区政府,细颗粒物(PM2.5),100,NA,45,60,47,46,46,47,45,20,20,8,7,0.6,0.6
2026-03-18T1100,2280A,116.8279,32.6333,淮南市,八公山区政府,细颗粒物(PM2.5),76,54,48,48,43,48,48,48,45,14,14,9,6,0.6,0.6
2026-03-18T1100,2894A,117.0561,32.6536,淮南市,经济技术开发区消防队,细颗粒物(PM2.5),100,65,51,60,49,54,54,52,48,16,21,6,6,0.5,0.5
2026-03-18T1100,3329A,117.011,32.5891,淮南市,山南新区,NA,NA,NA,47,NA,47,60,60,52,51,14,19,NA,6,NA,0.6
2026-03-18T1100,4209A,117.003137,32.644456,淮南市,国庆中路369号,细颗粒物(PM2.5),72,63,57,46,41,46,46,44,40,14,17,7,7,0.5,0.6
2026-03-18T1100,2446A,114.9021,30.474,黄冈市,职工中心,,22,20,12,15,8,57,57,35,35,12,12,4,4,0.5,0.5
2026-03-18T1100,2929A,114.8858,30.4519,黄冈市,红卫路,,26,22,12,18,8,63,63,42,42,8,10,3,3,0.4,0.5
2026-03-18T1100,3398A,114.9134,30.4446,黄冈市,市林业局,,23,23,12,10,8,61,61,43,43,10,9,5,4,0.5,0.5
2026-03-18T1100,2672A,102.02,35.5101,黄南藏族自治州,同仁县隆务镇,颗粒物(PM10),60,64,51,25,27,89,89,78,77,3,3,10,9,0.3,0.3
2026-03-18T1100,2295A,118.2905,29.6965,黄山市,延安路89号,NA,NA,9,34,3,26,NA,NA,62,62,17,14,4,5,1.0,0.8
2026-03-18T1100,2297A,118.1369,30.2755,黄山市,黄山区政府5号楼,,28,28,17,11,4,26,26,33,28,18,16,2,2,1.1,0.7
2026-03-18T1100,4210A,118.335445,29.720283,黄山市,滨江东路7-2号,,30,30,54,3,26,32,32,NA,NA,18,14,/,/,/,/
2026-03-18T1100,2423A,115.0547,30.2332,黄石市,沈家营,NA,NA,24,19,10,7,39,39,35,35,13,18,NA,6,1.2,1.2
2026-03-18T1100,2426A,114.899,30.211,黄石市,铁山,,26,24,20,18,8,60,60,32,32,9,16,6,6,0.6,0.8
2026-03-18T1100,2427A,115.0259,30.2108,黄石市,团城山,NA,NA,NA,19,NA,7,NA,NA,30,NA,NA,19,NA,6,NA,1.0
2026-03-18T1100,3149A,115.0174,30.1591,黄石市,笔架山北路,,20,20,18,6,7,56,56,32,32,16,22,5,6,0.9,1.1
2026-03-18T1100,4185A,115.078022,30.21118,黄石市,磁湖东路29号,,19,17,19,13,9,40,40,23,23,16,20,7,6,1.3,1.3
2026-03-18T1100,1392A,114.4181,23.0528,惠州市,河南岸金山湖子站,,28,28,35,16,19,86,86,44,42,12,13,7,7,0.6,0.5
2026-03-18T1100,1393A,114.4055,23.0824,惠州市,下埔横江三路子站,,36,36,40,16,18,81,81,57,55,16,13,5,5,0.6,0.6
2026-03-18T1100,1395A,114.4645,22.7832,惠州市,惠阳区承修路船湖子站,,26,22,41,9,18,82,82,34,34,8,17,6,7,0.3,0.5
2026-03-18T1100,1396A,114.5316,22.7423,惠州市,大亚湾管委会子站,,28,28,39,12,17,81,81,35,31,6,14,4,4,0.4,0.5
2026-03-18T1100,3314A,114.4334,22.8134,惠州市,惠阳秋长,,29,29,34,8,18,89,89,43,43,8,17,/,/,/,/
2026-03-18T1100,3452A,114.6521,22.7755,惠州市,大亚湾霞涌,NA,NA,NA,30,NA,15,NA,NA,NA,NA,NA,16,/,/,/,/
2026-03-18T1100,4300A,114.4089,23.1147,惠州市,文华一路1号,,39,39,35,20,17,83,83,60,56,18,13,/,/,/,/
2026-03-18T1100,2240A,130.9618,45.2926,鸡西市,环保局,细颗粒物(PM2.5),220,216,162,170,123,76,76,31,31,35,31,22,12,0.9,0.9
2026-03-18T1100,2243A,130.9294,45.2959,鸡西市,第一中学,细颗粒物(PM2.5),235,208,142,185,124,60,60,39,39,44,27,16,8,1.1,0.9
2026-03-18T1100,3707A,131.0069,45.2988,鸡西市,欧美日汽修厂,细颗粒物(PM2.5),221,230,194,171,134,83,83,35,35,29,31,19,15,0.9,1
2026-03-18T1100,2367A,114.9753,27.0803,吉安市,红声器材厂,细颗粒物(PM2.5),76,73,75,48,58,32,32,52,45,22,21,8,8,1.2,1.2
2026-03-18T1100,2369A,114.9903,27.1313,吉安市,市环境监测站,细颗粒物(PM2.5),88,67,69,54,60,32,32,51,44,17,20,11,12,/,/
2026-03-18T1100,2370A,115.009527,27.096792,吉安市,青原区法院,NA,NA,63,71,50,57,NA,NA,56,53,56,27,8,6,1.0,1
2026-03-18T1100,1772A,126.54,43.8622,吉林市,哈达湾,颗粒物(PM10),64,69,118,18,73,76,76,70,67,9,20,6,9,0.4,0.7
2026-03-18T1100,1773A,126.5843,43.8358,吉林市,东局子,,22,21,101,12,79,70,70,63,63,12,23,4,7,0.7,1
2026-03-18T1100,1774A,126.5051,43.8243,吉林市,电力学院,,26,13,96,11,70,81,81,74,73,9,24,6,9,0.5,1
2026-03-18T1100,1775A,126.6133,43.8971,吉林市,江北,,38,38,117,10,67,76,76,68,68,16,24,6,9,0.7,1
2026-03-18T1100,1776A,126.5549,43.8304,吉林市,江南公园,,33,33,108,12,74,74,74,66,66,12,23,7,10,0.4,0.7
2026-03-18T1100,2868A,126.4737,43.953,吉林市,九站,,38,38,140,12,92,77,77,64,64,12,30,6,13,0.4,0.9
2026-03-18T1100,1299A,116.9866,36.6118,济南市,科干所,NA,NA,NA,89,NA,72,59,59,69,60,NA,21,5,7,0.5,0.7
2026-03-18T1100,1300A,116.9379,36.6652,济南市,农科所,,42,42,87,22,74,61,61,48,48,17,25,5,7,0.5,0.6
2026-03-18T1100,1301A,117.1265,36.6736,济南市,开发区,,42,42,87,25,72,61,61,73,66,19,23,3,6,0.6,0.8
2026-03-18T1100,1303A,117.0616,36.6865,济南市,省种子仓库,,48,48,95,27,74,60,60,66,60,15,21,3,6,0.5,0.7
2026-03-18T1100,1304A,116.9495185,36.644937,济南市,机床二厂,,37,37,87,23,71,62,62,58,56,19,24,3,6,0.5,0.7
2026-03-18T1100,1305A,117.0496,36.6629,济南市,市监测站,NA,NA,54,96,24,74,55,55,68,62,NA,23,NA,5,0.5,0.6
2026-03-18T1100,1306A,116.7674,36.5458,济南市,长清党校,,37,37,92,13,70,60,60,56,56,14,21,2,4,0.6,0.7
2026-03-18T1100,1961A,117.5323,36.6865,济南市,东山小学,NA,NA,46,109,25,73,NA,NA,60,60,19,28,2,5,0.7,0.9
2026-03-18T1100,3059A,117.7181,36.205,济南市,泰兴公司,,48,48,81,30,59,68,68,70,70,17,20,6,9,0.9,1
2026-03-18T1100,3064A,117.6861,36.2172,济南市,莱芜战役纪念馆,,48,48,87,28,70,74,74,72,72,17,20,3,5,0.7,0.8
2026-03-18T1100,3494A,117.1673,36.9782,济南市,济阳区政府,,34,34,103,14,82,59,59,51,51,11,26,4,8,0.3,0.6
2026-03-18T1100,3495A,117.1168,36.6299,济南市,锦屏中学,,42,42,82,26,69,62,62,76,70,17,19,7,8,0.5,0.6
2026-03-18T1100,4108A,117.7107,36.2385,济南市,山财大街5号,,44,44,77,29,60,60,60,64,64,22,24,4,7,0.9,0.9
2026-03-18T1100,4109A,116.9744,36.6889,济南市,无影山路12号,,36,36,81,22,75,60,60,53,52,15,22,2,5,0.6,0.8
2026-03-18T1100,1653A,116.6229,35.4288,济宁市,火炬城,细颗粒物(PM2.5),109,81,66,69,68,51,51,58,56,21,18,4,4,0.7,0.7
2026-03-18T1100,3500A,116.5808,35.3703,济宁市,北湖一中,细颗粒物(PM2.5),111,86,66,72,66,54,54,57,57,18,21,5,6,0.7,0.7
2026-03-18T1100,3501A,116.8251,35.5592,济宁市,服务中心,颗粒物(PM10),88,102,80,51,68,64,64,61,61,14,16,1,1,0.9,0.9
2026-03-18T1100,3678A,116.5907,35.4054,济宁市,市第七中学,细颗粒物(PM2.5),106,68,60,66,64,58,58,63,62,19,18,3,3,0.7,0.7
2026-03-18T1100,4111A,116.6075,35.4566,济宁市,任和路,细颗粒物(PM2.5),98,102,95,59,72,53,53,52,50,17,19,4,5,0.8,0.9
2026-03-18T1100,4112A,116.5648,35.3921,济宁市,文体南路1号,细颗粒物(PM2.5),110,112,89,70,62,54,54,59,59,20,20,2,3,0.7,0.7
2026-03-18T1100,4122A,112.6071,35.1015,济源市,市委党校,颗粒物(PM10),108,140,123,26,62,59,59,48,48,11,22,8,7,0.3,0.8
2026-03-18T1100,4123A,112.596,35.0702,济源市,沁园中路1号,颗粒物(PM10),109,143,102,20,59,62,62,45,45,15,23,8,4,0.5,0.8
2026-03-18T1100,2255A,130.2749,46.8028,佳木斯市,佳纺,细颗粒物(PM2.5),124,125,85,86,44,60,60,24,24,14,34,5,6,0.5,0.6
2026-03-18T1100,2257A,130.3258,46.7975,佳木斯市,环保局,细颗粒物(PM2.5),118,94,56,79,39,58,58,21,21,17,33,4,4,0.4,0.5
2026-03-18T1100,4285A,130.363,46.806,佳木斯市,顺和街,细颗粒物(PM2.5),143,NA,46,107,40,57,57,34,34,19,25,4,6,0.6,0.4
2026-03-18T1100,4286A,130.3952,46.8268,佳木斯市,长安路196号,细颗粒物(PM2.5),134,NA,41,97,30,56,56,28,28,16,17,1,3,0.8,0.5
2026-03-18T1100,1252A,120.7439,30.778,嘉兴市,清河小学,,28,26,39,19,30,31,31,24,24,22,32,6,6,1.0,0.8
2026-03-18T1100,1253A,120.7261,30.7477,嘉兴市,嘉兴学院,,35,35,52,21,29,31,31,26,26,26,35,5,6,0.9,0.7
2026-03-18T1100,2872A,120.7845,30.7524,嘉兴市,南湖区残联,,38,26,31,26,33,33,33,27,27,19,31,4,5,1.1,0.9
2026-03-18T1100,3407A,120.6915,30.7741,嘉兴市,秀洲住建,,38,27,40,26,37,32,32,26,26,21,31,8,8,0.9,0.7
2026-03-18T1100,1945A,98.291,39.7705,嘉峪关市,气象局,颗粒物(PM10),74,83,68,18,17,70,70,77,73,15,8,7,8,0.6,0.4
2026-03-18T1100,2884A,98.2672,39.7978,嘉峪关市,酒钢宾馆,颗粒物(PM10),114,156,83,38,18,60,60,81,76,33,10,67,20,2.7,0.8
2026-03-18T1100,3248A,98.2644,39.7723,嘉峪关市,雄关区,颗粒物(PM10),62,66,61,19,16,63,63,74,60,20,12,11,9,0.6,0.4
2026-03-18T1100,1383A,113.1063,22.6058,江门市,北街,颗粒物(PM10),51,51,33,13,19,80,80,47,47,13,19,/,/,/,/
2026-03-18T1100,1384A,113.073,22.5835,江门市,西区,,27,27,35,11,17,81,81,57,57,11,17,/,/,/,/
2026-03-18T1100,1385A,113.0218,22.531,江门市,圭峰西,,38,38,33,17,16,80,80,56,56,11,10,/,/,/,/
2026-03-18T1100,1386A,113.0826,22.5947,江门市,东湖,,25,21,34,10,18,78,78,51,51,13,15,7,6,0.4,0.4
2026-03-18T1100,3311A,113.1077,22.5647,江门市,江海富民,颗粒物(PM10),53,54,50,17,19,86,86,57,57,12,17,/,/,0.3,0.3
2026-03-18T1100,3449A,113.0496,22.4669,江门市,新会银湖,,44,44,33,14,16,82,82,26,26,12,24,8,8,0.2,0.3
2026-03-18T1100,3335A,113.3137,35.2643,焦作市,马村街道办,NA,NA,NA,104,NA,79,NA,NA,41,41,13,22,7,8,0.5,0.9
2026-03-18T1100,3336A,113.2464,35.2374,焦作市,焦作技师学院,颗粒物(PM10),95,112,103,23,69,58,58,39,39,12,22,7,8,0.6,0.9
2026-03-18T1100,3477A,113.1656,35.2536,焦作市,中站许衡医院,颗粒物(PM10),105,133,112,34,76,62,62,50,50,17,30,11,15,0.7,1.1
2026-03-18T1100,3981A,113.2456,35.18,焦作市,原李万街道办,颗粒物(PM10),101,121,103,29,74,59,59,40,40,10,19,8,9,0.6,0.8
2026-03-18T1100,4264A,113.234,35.219,焦作市,新安路1731号,颗粒物(PM10),100,120,110,30,74,65,65,45,45,14,24,13,10,0.7,0.8
2026-03-18T1100,4295A,113.2722,35.2121,焦作市,人民路3066号,颗粒物(PM10),98,117,101,24,73,68,68,46,46,15,26,9,8,0.5,0.7
2026-03-18T1100,1708A,116.3701,23.5345,揭阳市,新兴,颗粒物(PM10),51,51,50,27,30,85,85,41,41,14,22,8,10,0.7,0.7
2026-03-18T1100,1709A,116.3261,23.5442,揭阳市,西马,颗粒物(PM10),69,76,52,32,28,83,83,34,34,15,19,8,8,0.5,0.5
2026-03-18T1100,1710A,116.361,23.5627,揭阳市,东兴,颗粒物(PM10),69,76,53,24,28,89,89,36,36,8,16,5,7,/,/
2026-03-18T1100,1711A,116.4151,23.5295,揭阳市,渔湖,颗粒物(PM10),68,74,46,21,27,94,94,42,42,10,20,6,5,/,/
2026-03-18T1100,3320A,116.4028,23.5699,揭阳市,曲溪,颗粒物(PM10),51,51,48,20,26,92,92,39,39,13,20,4,5,0.5,0.8
2026-03-18T1100,1944A,102.1691,38.5166,金昌市,天庆家园,颗粒物(PM10),127,190,91,45,23,76,76,74,74,10,7,50,18,0.6,0.5
2026-03-18T1100,4022A,102.1648,38.5369,金昌市,金川区人防中心,颗粒物(PM10),127,188,91,53,24,71,71,73,73,10,5,38,11,0.6,0.5
2026-03-18T1100,4239A,102.193042,38.531887,金昌市,长春路96号,颗粒物(PM10),135,211,92,48,24,69,69,70,68,9,7,20,29,0.4,0.4
2026-03-18T1100,1262A,119.6478,29.0773,金华市,十五中,细颗粒物(PM2.5),96,93,78,58,47,89,89,47,47,23,38,7,5,0.8,0.7
2026-03-18T1100,1263A,119.6859,29.1032,金华市,监测站,NA,NA,NA,72,NA,43,NA,NA,16,16,26,51,NA,5,0.9,0.7
2026-03-18T1100,3659A,119.656,29.1132,金华市,气象局,细颗粒物(PM2.5),103,91,76,63,46,73,73,24,24,35,49,5,4,0.6,0.5
2026-03-18T1100,1767A,121.1114,41.0879,锦州市,南山,,27,26,66,7,62,85,85,75,75,10,21,8,10,0.3,0.7
2026-03-18T1100,1768A,121.060361,40.842794,锦州市,开发区,NA,NA,40,73,10,62,NA,NA,68,67,12,26,8,7,0.6,0.8
2026-03-18T1100,1769A,121.1836,41.1118,锦州市,百股街道,,32,32,67,9,65,85,85,72,72,10,21,8,9,0.6,0.9
2026-03-18T1100,1770A,121.1176,41.1224,锦州市,天安街道,,26,22,68,8,62,83,83,74,74,11,22,6,8,0.5,0.8
2026-03-18T1100,1771A,121.1303,41.1385,锦州市,北湖公园,,28,17,68,10,63,87,87,76,76,9,19,8,9,0.4,0.7
2026-03-18T1100,2160A,112.8496,35.5051,晋城市,自来水公司,颗粒物(PM10),83,96,83,3,32,68,68,57,57,12,18,9,4,0.6,0.5
2026-03-18T1100,2162A,112.8509,35.4886,晋城市,市环保局,颗粒物(PM10),69,76,73,12,38,71,71,58,58,11,15,10,5,0.7,0.7
2026-03-18T1100,3620A,112.8258,35.4804,晋城市,泽州一中,颗粒物(PM10),89,104,79,12,42,72,72,62,62,8,16,7,3,0.6,0.7
2026-03-18T1100,4078A,112.8246,35.5152,晋城市,前书院路,颗粒物(PM10),73,81,76,3,33,66,66,56,56,9,19,7,5,0.4,0.7
2026-03-18T1100,4079A,112.8864,35.4773,晋城市,祥云街666号,颗粒物(PM10),68,74,70,3,43,74,74,55,55,6,18,6,5,0.1,0.6
2026-03-18T1100,2174A,112.6992,37.6984,晋中市,榆次区政府,,34,34,102,3,36,76,76,NA,NA,15,18,8,10,0.2,0.5
2026-03-18T1100,2865A,112.7195,37.683,晋中市,榆次三中,,31,31,99,3,26,80,80,75,75,10,13,9,11,0.1,0.2
2026-03-18T1100,4080A,112.7375,37.7215,晋中市,广安街188号,NA,NA,NA,89,NA,28,NA,NA,77,77,6,14,NA,11,0.3,0.3
2026-03-18T1100,4200A,112.7478,37.6954,晋中市,迎宾街26号,,34,34,96,3,32,81,81,77,77,8,16,8,10,0.4,0.5
2026-03-18T1100,2439A,112.2012,31.048,荆门市,竹园小学,,32,32,39,20,26,57,57,57,48,23,20,1,1,0.7,0.7
2026-03-18T1100,2440A,112.1968,30.9892,荆门市,掇刀,,42,42,38,18,27,70,70,73,67,23,15,7,6,0.9,0.8
2026-03-18T1100,3012A,112.1849,31.0361,荆门市,西山林语,,32,30,34,22,22,54,54,59,53,22,14,3,3,1.0,0.8
2026-03-18T1100,3547A,112.1631,31.0134,荆门市,龙泉中学南校,,32,28,33,22,26,65,65,72,64,21,15,3,3,0.8,0.7
2026-03-18T1100,4124A,112.2213,31.0654,荆门市,新台西路6号,,40,36,38,28,32,54,54,52,45,19,13,6,5,0.6,0.7
2026-03-18T1100,1844A,112.2493,30.3198,荆州市,市图书馆,,32,25,24,22,23,47,47,63,54,31,19,5,5,1.0,1
2026-03-18T1100,1845A,112.2009,30.3543,荆州市,市委党校,,48,NA,34,33,30,58,58,48,48,26,25,7,6,0.8,0.8
2026-03-18T1100,3194A,112.2749,30.3124,荆州市,管委会,,43,35,26,30,26,45,45,61,54,35,18,8,8,0.8,0.8
2026-03-18T1100,4268A,112.1722,30.3366,荆州市,学苑路85号,,39,39,38,20,28,77,77,61,61,10,11,1,1,1.0,1
2026-03-18T1100,2343A,117.2114,29.2931,景德镇市,老干部活动中心,,28,NA,36,19,32,24,24,28,22,11,14,5,8,1.0,1
2026-03-18T1100,2344A,117.1893,29.2789,景德镇市,兽医站,,21,21,41,6,33,29,29,26,22,12,18,4,4,0.8,0.9
2026-03-18T1100,2346A,117.246,29.2958,景德镇市,陶研所,,20,20,34,11,33,23,23,29,22,25,25,4,6,1.1,1.1
2026-03-18T1100,4289A,117.154766,29.256967,景德镇市,青少年活动中心,,22,NA,37,15,39,28,28,21,19,12,20,6,14,/,/
2026-03-18T1100,1803A,115.9873,29.6816,九江市,十里,,19,19,25,6,15,20,20,24,19,28,35,8,8,1.1,1.2
2026-03-18T1100,1804A,115.9583,29.7047,九江市,茅山头,,24,24,22,8,14,16,16,20,15,28,31,4,4,0.9,0.9
2026-03-18T1100,1805A,115.9877,29.7295,九江市,西园,,16,16,23,7,13,20,20,24,19,32,39,4,5,1.0,1
2026-03-18T1100,1808A,115.9112,29.6038,九江市,综合工业园,,23,23,17,9,13,19,19,28,23,29,32,7,8,1.0,1
2026-03-18T1100,3190A,116.0254,29.6995,九江市,外国语学校,,12,12,19,3,14,20,20,22,17,21,31,3,4,0.9,1.1
2026-03-18T1100,4253A,116.010205,29.659402,九江市,莲花大道8号,,24,24,22,6,13,20,20,29,22,37,44,4,4,0.8,0.9
2026-03-18T1100,4240A,98.495752,39.733935,酒泉市,玉门东路5号,颗粒物(PM10),75,85,57,17,16,74,74,67,63,6,6,6,5,0.3,0.3
2026-03-18T1100,4241A,98.5099,39.7506,酒泉市,北大街108号,颗粒物(PM10),105,132,58,34,19,70,70,67,64,6,6,11,6,0.3,0.3
2026-03-18T1100,2698A,76.0071,39.466,喀什地区,巡警大队,细颗粒物(PM2.5),130,NA,247,92,82,NA,NA,47,46,25,14,3,3,NA,0.4
2026-03-18T1100,2699A,75.9756,39.4693,喀什地区,吾办,颗粒物(PM10),145,237,242,82,84,55,55,45,45,11,9,9,7,0.4,0.4
2026-03-18T1100,4027A,75.9485,39.4688,喀什地区,老干局,颗粒物(PM10),152,254,260,76,79,50,50,40,40,16,11,2,2,0.6,0.5
2026-03-18T1100,1824A,114.3389,34.778,开封市,肿瘤医院,颗粒物(PM10),92,108,79,51,89,67,67,31,31,18,34,7,7,0.6,0.9
2026-03-18T1100,1826A,114.2884,34.7966,开封市,世纪星幼儿园,颗粒物(PM10),85,99,70,35,76,63,63,30,30,16,29,8,8,0.7,0.9
2026-03-18T1100,3147A,114.3434,34.8101,开封市,龙亭公园,颗粒物(PM10),96,114,82,36,78,65,65,32,32,17,28,8,8,0.7,0.9
2026-03-18T1100,3210A,114.3645,34.7955,开封市,汴京公园,颗粒物(PM10),88,103,78,43,87,65,65,29,29,16,28,4,4,0.6,0.8
2026-03-18T1100,3473A,114.2485,34.8306,开封市,技师学院,NA,NA,NA,65,NA,80,61,61,32,32,NA,24,7,6,NA,1.1
2026-03-18T1100,3592A,114.4518,34.7503,开封市,祥符区生态环境局,细颗粒物(PM2.5),76,50,93,48,87,63,63,29,29,16,31,7,6,0.6,0.7
2026-03-18T1100,1951A,84.886,45.6029,克拉玛依市,长征新村,,26,26,25,6,8,53,53,75,67,33,13,6,5,0.6,0.4
2026-03-18T1100,1952A,84.8894,45.5827,克拉玛依市,南林小区,颗粒物(PM10),53,54,27,3,4,28,28,72,58,38,6,6,4,1.0,0.5
2026-03-18T1100,1954A,84.896,44.3328,克拉玛依市,独山子区,颗粒物(PM10),88,102,93,26,40,85,85,84,76,24,17,6,5,0.7,0.8
2026-03-18T1100,1955A,85.6888,46.0909,克拉玛依市,乌尔禾区商贸楼,,47,47,38,18,15,41,41,59,54,27,12,10,8,0.8,0.6
2026-03-18T1100,3612A,85.1045,45.6895,克拉玛依市,白碱滩区新站,,36,36,22,3,10,54,54,69,61,23,8,12,10,0.4,0.4
2026-03-18T1100,2697A,76.1457,39.7143,克孜勒苏柯尔克孜自治州,市人民政府,颗粒物(PM10),139,219,183,66,55,27,27,68,55,40,11,4,3,0.3,0.1
2026-03-18T1100,3665A,76.1654,39.7157,克孜勒苏柯尔克孜自治州,克州文化中心,颗粒物(PM10),158,266,194,90,60,48,48,64,55,22,7,6,5,0.6,0.3
2026-03-18T1100,1450A,102.8203,24.889,昆明市,呈贡新区,,35,30,30,19,19,112,112,97,97,12,13,5,4,0.5,0.5
2026-03-18T1100,1452A,102.7253,25.0904,昆明市,龙泉镇,NA,NA,32,35,22,21,NA,NA,25,18,14,25,7,4,NA,0.5
2026-03-18T1100,1453A,102.7267,25.0378,昆明市,东风东路,,33,33,30,23,21,103,103,79,74,13,17,4,6,0.4,0.5
2026-03-18T1100,1454A,102.6744,25.0671,昆明市,金鼎山,,39,39,37,25,20,98,98,70,61,17,18,7,4,0.5,0.5
2026-03-18T1100,1455A,102.6643,25.0401,昆明市,碧鸡广场,,44,44,31,23,22,97,97,61,60,17,23,9,7,0.4,0.4
2026-03-18T1100,3179A,102.7491,25.012,昆明市,官渡区博物馆,NA,NA,41,34,21,19,98,98,58,48,13,18,NA,5,NA,0.6
2026-03-18T1100,3375A,102.8016,24.8336,昆明市,青年创业园,,36,NA,25,25,21,110,110,77,77,4,9,6,6,0.4,0.4
2026-03-18T1100,3550A,102.8,24.9787,昆明市,昆明学院,,35,29,30,14,18,110,110,71,59,9,16,7,5,0.4,0.5
2026-03-18T1100,3551A,102.5969,24.6738,昆明市,晋宁区生态环境分局,,34,NA,33,17,24,108,108,81,81,8,9,1,2,0.3,0.4
2026-03-18T1100,3552A,102.6673,24.9861,昆明市,云天化总部,,34,34,30,14,18,104,104,56,56,10,19,10,10,0.3,0.4
2026-03-18T1100,1456A,91.132,29.6515,拉萨市,八廓街,,48,48,33,20,13,98,98,94,87,12,12,4,5,0.6,0.4
2026-03-18T1100,1457A,91.1221,29.6748,拉萨市,市环保局,颗粒物(PM10),54,55,30,16,12,91,91,82,69,17,16,3,3,0.5,0.5
2026-03-18T1100,1458A,91.0874,29.6476,拉萨市,区监测站,,26,25,23,8,9,81,81,69,62,21,20,4,4,0.5,0.5
2026-03-18T1100,1459A,91.1774,29.6541,拉萨市,西藏大学,,31,22,29,3,10,98,98,96,88,12,13,5,6,0.4,0.5
2026-03-18T1100,1460A,90.9798,29.6586,拉萨市,区辐射站,,39,39,24,14,12,72,72,83,76,32,19,7,6,0.4,0.4
2026-03-18T1100,1461A,91.0831,29.6292,拉萨市,拉萨火车站,,41,41,24,18,10,73,73,80,68,32,15,5,4,0.6,0.5
2026-03-18T1100,2520A,109.2203,23.7252,来宾市,来宾技工学校,颗粒物(PM10),57,59,52,38,31,54,54,55,49,12,10,11,18,0.7,0.6
2026-03-18T1100,3535A,109.1781,23.7293,来宾市,兴宾区政府,细颗粒物(PM2.5),68,54,45,44,22,65,65,62,58,11,13,9,8,0.6,0.5
2026-03-18T1100,4002A,109.2312,23.7428,来宾市,中南小学,细颗粒物(PM2.5),62,52,50,41,28,59,59,56,47,11,12,8,11,0.7,0.6
2026-03-18T1100,1479A,103.8309,36.0467,兰州市,铁路设计院,NA,NA,NA,NA,NA,NA,NA,NA,NA,NA,NA,NA,NA,NA,NA,NA
2026-03-18T1100,3241A,103.7439,36.0841,兰州市,百合公园,NA,NA,NA,97,NA,34,123,123,71,71,15,8,NA,4,0.7,0.4
2026-03-18T1100,3242A,103.9613,35.9985,兰州市,和平,颗粒物(PM10),105,133,124,35,35,71,71,72,65,8,8,9,11,0.4,0.4
2026-03-18T1100,4236A,103.629272,36.093822,兰州市,庄浪东路808号,颗粒物(PM10),95,113,106,39,39,60,60,71,56,22,8,12,6,0.5,0.4
2026-03-18T1100,4237A,103.7251,36.104344,兰州市,安宁西路88号,颗粒物(PM10),102,124,122,38,36,58,58,80,70,21,6,9,7,0.5,0.3
2026-03-18T1100,4238A,103.846982,36.067567,兰州市,北滨河东路1号,颗粒物(PM10),90,106,101,36,34,52,52,72,60,26,15,9,7,0.6,0.5
2026-03-18T1100,1067A,116.6712,39.5109,廊坊市,药材公司,,28,17,107,3,81,88,88,79,79,6,22,3,2,0.4,0.7
2026-03-18T1100,1068A,116.7215,39.5592,廊坊市,开发区,,29,15,108,3,81,90,90,79,79,2,21,1,3,0.2,0.5
